/*
 Navicat Premium Data Transfer

 Source Server         : localhost
 Source Server Type    : MySQL
 Source Server Version : 80012
 Source Host           : 127.0.0.1:3306
 Source Schema         : book_old

 Target Server Type    : MySQL
 Target Server Version : 80012
 File Encoding         : 65001

 Date: 17/09/2019 14:21:31
*/

SET NAMES utf8mb4;
SET FOREIGN_KEY_CHECKS = 0;

-- ----------------------------
-- Table structure for basebooks
-- ----------------------------
DROP TABLE IF EXISTS `basebooks`;
CREATE TABLE `basebooks`  (
  `id` int(10) UNSIGNED NOT NULL AUTO_INCREMENT,
  `name` varchar(32) CHARACTER SET utf8mb4 COLLATE utf8mb4_general_ci NOT NULL COMMENT '显示名称',
  `double_page` tinyint(1) NOT NULL DEFAULT 0 COMMENT '双页连页',
  `width` int(10) NOT NULL DEFAULT 0 COMMENT '宽，毫米',
  `height` int(10) NOT NULL DEFAULT 0 COMMENT '高，毫米',
  `bleed_top` int(255) NOT NULL DEFAULT 3 COMMENT '上出血线，毫米',
  `bleed_right` int(255) NOT NULL DEFAULT 3 COMMENT '右出血线，毫米',
  `bleed_bottom` int(255) NOT NULL DEFAULT 3 COMMENT '下出血线，毫米',
  `bleed_left` int(255) NOT NULL DEFAULT 3 COMMENT '左出血线，毫米',
  `description` varchar(255) CHARACTER SET utf8mb4 COLLATE utf8mb4_general_ci NOT NULL COMMENT '描述',
  `cover_ext_width` int(11) NOT NULL DEFAULT 0 COMMENT '封面扩展宽度，毫米',
  `cover_ext_height` int(11) NOT NULL DEFAULT 0 COMMENT '封面扩展高度，毫米',
  `jacket_ext_width` int(11) NOT NULL DEFAULT 0 COMMENT '护封扩展宽度，毫米',
  `jacket_ext_height` int(11) NOT NULL DEFAULT 0 COMMENT '护封扩展高度，毫米',
  `craft_id` tinyint(4) NOT NULL COMMENT '工艺id',
  `paper_id` tinyint(4) NOT NULL DEFAULT 0 COMMENT '纸张id',
  `enable_change_craft` tinyint(4) NOT NULL DEFAULT 0 COMMENT '是否允许切换工艺',
  `enable_change_paper` tinyint(4) NOT NULL DEFAULT 0 COMMENT '是否允许切换纸张',
  `enable` tinyint(4) NOT NULL DEFAULT 1 COMMENT '是否有效',
  `sort` int(11) NOT NULL DEFAULT 0 COMMENT '排序',
  PRIMARY KEY (`id`) USING BTREE
) ENGINE = InnoDB CHARACTER SET = utf8mb4 COLLATE = utf8mb4_general_ci ROW_FORMAT = Dynamic;

-- ----------------------------
-- Records of basebooks
-- ----------------------------
INSERT INTO `basebooks` VALUES (1, 'A4精装照片书', 1, 426, 291, 3, 3, 3, 3, '', 40, 30, 120, 6, 3, 4, 0, 0, 1, 0);
INSERT INTO `basebooks` VALUES (2, 'B5精装照片书', 1, 364, 257, 3, 3, 3, 3, '', 40, 30, 120, 6, 3, 4, 0, 0, 1, 1);

-- ----------------------------
-- Table structure for basepages
-- ----------------------------
DROP TABLE IF EXISTS `basepages`;
CREATE TABLE `basepages`  (
  `basebook_id` int(11) NOT NULL,
  `page_type` tinyint(4) NOT NULL COMMENT '页面类型，0：护封，1：封面，2内容页',
  `name` varchar(32) CHARACTER SET utf8mb4 COLLATE utf8mb4_general_ci NOT NULL COMMENT '页面类型名称',
  `width` int(11) NOT NULL COMMENT '页面尺寸宽度，单位：毫米mm',
  `height` int(11) NOT NULL COMMENT '页面尺寸高度，单位：毫米mm',
  `bleed_top` int(255) NOT NULL COMMENT '出血线：上，单位：毫米',
  `bleed_right` int(255) NOT NULL COMMENT '出血线：右，单位：毫米',
  `bleed_bottom` int(255) NOT NULL COMMENT '出血线：下，单位：毫米',
  `bleed_left` int(255) NOT NULL COMMENT '出血线：左，单位：毫米',
  `single_page` tinyint(255) NOT NULL COMMENT '是否单页',
  `min_pages` int(255) NOT NULL COMMENT '最少页数',
  `max_pages` int(255) NOT NULL COMMENT '最多页数',
  `enable` tinyint(255) NOT NULL COMMENT '是否启用',
  `sort` int(255) NOT NULL COMMENT '排序',
  PRIMARY KEY (`page_type`, `basebook_id`) USING BTREE
) ENGINE = InnoDB CHARACTER SET = utf8mb4 COLLATE = utf8mb4_general_ci ROW_FORMAT = Dynamic;

-- ----------------------------
-- Records of basepages
-- ----------------------------
INSERT INTO `basepages` VALUES (1, 0, '护封', 576, 291, 3, 3, 3, 3, 0, 1, 1, 1, 0);
INSERT INTO `basepages` VALUES (1, 1, '封面', 456, 291, 3, 3, 3, 3, 0, 1, 1, 1, 1);
INSERT INTO `basepages` VALUES (2, 1, '封面', 374, 257, 3, 3, 3, 3, 0, 1, 1, 1, 1);
INSERT INTO `basepages` VALUES (1, 2, '内页', 426, 291, 3, 3, 3, 3, 0, 10, 20, 1, 2);
INSERT INTO `basepages` VALUES (2, 2, '内页', 364, 257, 3, 3, 3, 3, 0, 20, 40, 1, 2);

-- ----------------------------
-- Table structure for basepages2
-- ----------------------------
DROP TABLE IF EXISTS `basepages2`;
CREATE TABLE `basepages2`  (
  `id` int(11) NOT NULL AUTO_INCREMENT,
  `name` varchar(32) CHARACTER SET utf8 COLLATE utf8_general_ci NOT NULL COMMENT '页名称',
  `type` varchar(32) CHARACTER SET utf8 COLLATE utf8_general_ci NOT NULL COMMENT '类型',
  `sort` int(255) NOT NULL COMMENT '排序',
  PRIMARY KEY (`id`) USING BTREE
) ENGINE = InnoDB AUTO_INCREMENT = 5 CHARACTER SET = utf8 COLLATE = utf8_general_ci ROW_FORMAT = Dynamic;

-- ----------------------------
-- Records of basepages2
-- ----------------------------
INSERT INTO `basepages2` VALUES (1, '封面', 'cover', 1);
INSERT INTO `basepages2` VALUES (2, '内页', 'inner_page', 2);
INSERT INTO `basepages2` VALUES (3, '护封', 'jacket', 3);
INSERT INTO `basepages2` VALUES (4, '其他', 'other', 4);

-- ----------------------------
-- Table structure for basepapers
-- ----------------------------
DROP TABLE IF EXISTS `basepapers`;
CREATE TABLE `basepapers`  (
  `id` int(11) NOT NULL AUTO_INCREMENT,
  `name` varchar(32) CHARACTER SET utf8 COLLATE utf8_general_ci NULL DEFAULT NULL COMMENT '纸张名称',
  `thickness` double(5, 4) NULL DEFAULT NULL COMMENT '纸张厚度',
  `enable` tinyint(1) NULL DEFAULT NULL COMMENT '是否启用',
  `sort` int(255) NULL DEFAULT NULL COMMENT '排序',
  PRIMARY KEY (`id`) USING BTREE
) ENGINE = InnoDB AUTO_INCREMENT = 3 CHARACTER SET = utf8 COLLATE = utf8_general_ci ROW_FORMAT = Dynamic;

-- ----------------------------
-- Records of basepapers
-- ----------------------------
INSERT INTO `basepapers` VALUES (1, '128g铜版纸', 0.1200, 1, 1);
INSERT INTO `basepapers` VALUES (2, '128g特种纸', 0.1050, 1, 2);
INSERT INTO `basepapers` VALUES (3, '200g铜版纸', 0.1300, 1, 3);

-- ----------------------------
-- Table structure for books
-- ----------------------------
DROP TABLE IF EXISTS `books`;
CREATE TABLE `books`  (
  `id` int(11) UNSIGNED NOT NULL AUTO_INCREMENT,
  `theme` int(11) NOT NULL COMMENT '模板id',
  `basebook_id` int(11) NOT NULL COMMENT 'basebook表外键',
  `name` varchar(32) CHARACTER SET utf8mb4 COLLATE utf8mb4_general_ci NOT NULL COMMENT '书名',
  `author` varchar(16) CHARACTER SET utf8mb4 COLLATE utf8mb4_general_ci NOT NULL COMMENT '作者',
  `show_page_num` tinyint(1) NOT NULL COMMENT '是否显示页码',
  `fascicule` int(11) NOT NULL COMMENT '分册：0不是分册，大于0：分册',
  `fascicule_type` tinyint(11) NOT NULL COMMENT '分册显示类型：0：汉字，1：阿拉伯数字，2：带圆圈阿拉伯数字，3：罗马数字',
  `craft_id` tinyint(4) NOT NULL DEFAULT 0 COMMENT '工艺id',
  `paper_id` tinyint(4) NOT NULL DEFAULT 0 COMMENT '纸张id',
  `other_thickness` double(5, 2) NOT NULL DEFAULT 0.00 COMMENT '其他厚度，当书脊计算不准时，可单独对此书进行修正',
  `created_at` timestamp(0) NOT NULL COMMENT '创建时间',
  `updated_at` timestamp(0) NOT NULL COMMENT '更新时间',
  PRIMARY KEY (`id`) USING BTREE
) ENGINE = InnoDB AUTO_INCREMENT = 7 CHARACTER SET = utf8mb4 COLLATE = utf8mb4_general_ci ROW_FORMAT = Dynamic;

-- ----------------------------
-- Records of books
-- ----------------------------
INSERT INTO `books` VALUES (1, 0, 1, '北京一日游', '污云', 1, 0, 0, 3, 4, 0.00, '2019-08-16 18:23:26', '2019-08-16 18:23:30');
INSERT INTO `books` VALUES (2, 0, 1, '我的新书', '佚名', 1, 1, 1, 3, 4, 0.00, '2019-09-05 10:28:26', '2019-09-05 10:28:26');
INSERT INTO `books` VALUES (3, 0, 2, '我们的青春', '刘海云', 1, 1, 3, 3, 4, 0.00, '2019-09-05 14:45:35', '2019-09-05 14:45:35');
INSERT INTO `books` VALUES (4, 0, 1, '111', '222', 1, 0, 0, 3, 4, 0.00, '2019-09-07 11:55:57', '2019-09-07 11:55:57');
INSERT INTO `books` VALUES (5, 0, 2, '旅行', '马鹤', 1, 0, 0, 3, 4, 0.00, '2019-09-07 17:34:00', '2019-09-07 17:34:00');
INSERT INTO `books` VALUES (6, 0, 1, '我的第一本书', '刘海英', 1, 0, 0, 3, 4, 0.00, '2019-09-12 14:12:31', '2019-09-12 14:12:31');

-- ----------------------------
-- Table structure for images
-- ----------------------------
DROP TABLE IF EXISTS `images`;
CREATE TABLE `images`  (
  `id` int(11) NOT NULL AUTO_INCREMENT,
  `url` varchar(255) CHARACTER SET utf8mb4 COLLATE utf8mb4_general_ci NOT NULL COMMENT '图片路径',
  `name` varchar(32) CHARACTER SET utf8mb4 COLLATE utf8mb4_general_ci NOT NULL COMMENT '图片名',
  `mime` varchar(16) CHARACTER SET utf8mb4 COLLATE utf8mb4_general_ci NOT NULL COMMENT '扩展名',
  `size` int(11) NOT NULL COMMENT '大小byte，1kb=1024byte',
  `width` int(11) NOT NULL COMMENT '宽，像素',
  `height` int(11) NOT NULL COMMENT '高，像素',
  `book_id` int(11) NOT NULL DEFAULT 0 COMMENT '书籍id',
  `user_id` int(11) NOT NULL DEFAULT 0 COMMENT '用户id',
  `type` tinyint(1) NOT NULL DEFAULT 0 COMMENT '照片类型，0：照片，1：背景图，2：装饰图',
  PRIMARY KEY (`id`) USING BTREE
) ENGINE = InnoDB AUTO_INCREMENT = 196 CHARACTER SET = utf8mb4 COLLATE = utf8mb4_general_ci ROW_FORMAT = Dynamic;

-- ----------------------------
-- Records of images
-- ----------------------------
INSERT INTO `images` VALUES (59, '/upload/1/baf1d58c53144596fd347e7090b6f3bb.jpg', '1', '.jpg', 435318, 0, 0, 1, 0, 0);
INSERT INTO `images` VALUES (60, '/upload/1/618f36910ff79516e93ce724dfbfb9e9.jpg', '1a5248109814b0949ffe4a4897c244a9', '.jpg', 4562642, 0, 0, 1, 0, 0);
INSERT INTO `images` VALUES (61, '/upload/1/7407caf0512ed3d32a5d1ad8df89683f.jpg', '1ff005790f4f1f8036df29db531b713b', '.jpg', 5206164, 0, 0, 1, 0, 0);
INSERT INTO `images` VALUES (62, '/upload/1/c2e4dfd331c12f440ab5e332b8405e7c.jpg', '1ab0ce074bc664f0a0baf07d49d167f6', '.jpg', 5711129, 0, 0, 1, 0, 0);
INSERT INTO `images` VALUES (63, '/upload/1/1c837f81be0b1d38daa515056c97c2ac.jpg', '0ba79cb4cbacad24c6609f39701d4c2d', '.jpg', 6060964, 0, 0, 1, 0, 0);
INSERT INTO `images` VALUES (64, '/upload/1/e099b8d8681cfd79e868f1c80c2ecc7a.jpg', '2ee46a79b6ab259479a707a5138c8255', '.jpg', 1452379, 0, 0, 1, 0, 0);
INSERT INTO `images` VALUES (65, '/upload/1/68601623ca48fe2dde7c7f47df23fd5a.jpg', '0dcb07d85a953786de8051fe0ca00168', '.jpg', 7395984, 0, 0, 1, 0, 0);
INSERT INTO `images` VALUES (66, '/upload/1/5ed3c6439afb535c6a77973e134e3dba.jpg', '3b437f3378290111b7a9ad6a848c53f6', '.jpg', 1530474, 0, 0, 1, 0, 0);
INSERT INTO `images` VALUES (67, '/upload/1/6c4944b19d35ba40e9286347e87700f6.jpg', '1b0907c44f1c1ea649792d36be806b60', '.jpg', 7852410, 0, 0, 1, 0, 0);
INSERT INTO `images` VALUES (68, '/upload/1/c38adc39140fa700a5c8664338666db1.jpg', '05f76c62aaa840e0739314d7733caca1', '.jpg', 2525367, 0, 0, 1, 0, 0);
INSERT INTO `images` VALUES (69, '/upload/1/b15c3f4f52082ace1894d0ef7acfc720.jpg', '5cc6cf055eea44ebe6ae93da3434f5d7', '.jpg', 3417246, 0, 0, 1, 0, 0);
INSERT INTO `images` VALUES (70, '/upload/1/57a1efaeed90ccc7c0e27235326f28f6.jpg', '6c046e521fb737096143c369a567b8a5', '.jpg', 2384663, 0, 0, 1, 0, 0);
INSERT INTO `images` VALUES (71, '/upload/1/3d11a1d75a730cb92286b9f0a77afa77.jpg', '7d13ae4280d390dcd3236729df442bc1', '.jpg', 2538568, 0, 0, 1, 0, 0);
INSERT INTO `images` VALUES (72, '/upload/1/c0b36bba89a94829c3b8259d727431b3.jpg', '8cd72f5602695ae7544ee2a9f02baa45', '.jpg', 1000623, 0, 0, 1, 0, 0);
INSERT INTO `images` VALUES (73, '/upload/1/77fa9d023cf92dfe2b713647fbe459fc.jpg', '8c576c953bb3e1fa726dc3259d0c143e', '.jpg', 3439366, 0, 0, 1, 0, 0);
INSERT INTO `images` VALUES (74, '/upload/1/7d20e5eca05dafdee5ddecbbdf13e3a2.jpg', '7e3a8695831d508227315f4dc6f3efdd', '.jpg', 4414555, 0, 0, 1, 0, 0);
INSERT INTO `images` VALUES (75, '/upload/1/5ba0c73c51a39b820a862a2b86207ae3.jpg', '8aa2118035fc8210137fd22f7955aa0c', '.jpg', 5386384, 0, 0, 1, 0, 0);
INSERT INTO `images` VALUES (76, '/upload/1/8230c57b618dc8f2f3ca57c2cfead700.jpg', '8f9a19118cfd19abec03648d381184e5', '.jpg', 4684156, 0, 0, 1, 0, 0);
INSERT INTO `images` VALUES (77, '/upload/1/f3f6416e301fd92ea5145ac643fcd11c.jpg', '41ea4827f142c1bcac00e092ed979cbb', '.jpg', 2649394, 0, 0, 1, 0, 0);
INSERT INTO `images` VALUES (78, '/upload/1/90ee8ee24f14fffae97cef858c355a5e.jpg', '28c1122980ceefcf3861e7b878099c80', '.jpg', 3477117, 0, 0, 1, 0, 0);
INSERT INTO `images` VALUES (79, '/upload/1/e944123caeabffa1f04547b50745e435.jpg', '16b8834cfebc0ff198be16723e580298', '.jpg', 4586173, 0, 0, 1, 0, 0);
INSERT INTO `images` VALUES (80, '/upload/1/cdbac1381eb7f0079197f03d327f2935.jpg', '51cc5c56fcd101325014dc57618264ed', '.jpg', 1118681, 0, 0, 1, 0, 0);
INSERT INTO `images` VALUES (81, '/upload/1/6bef7564d52aeb31d8e2627607147628.jpg', '9e41397dd0eb5943247c224ad3264e40', '.jpg', 7137132, 0, 0, 1, 0, 0);
INSERT INTO `images` VALUES (82, '/upload/1/79c10f419bfafc27cca81a44fac481b8.jpg', '212bef234f800d5f11a4156ae4fa9121', '.jpg', 2228198, 0, 0, 1, 0, 0);
INSERT INTO `images` VALUES (83, '/upload/1/a2dea380571619e57a0caf50b2535b5e.jpg', '95b99ce9f07a2f14858379ee51af4fa1', '.jpg', 3038139, 0, 0, 1, 0, 0);
INSERT INTO `images` VALUES (84, '/upload/1/9994c1710cc9730f2cfbe18d752ab31c.jpg', '42c37b3101eb3ed194da3b738ecc14c2', '.jpg', 4867998, 0, 0, 1, 0, 0);
INSERT INTO `images` VALUES (85, '/upload/1/e1a2d328fe022a50bb2ca3db83af364d.jpg', '684ccd00d25ff7a4bf4deaaebd84f2c2', '.jpg', 1968075, 0, 0, 1, 0, 0);
INSERT INTO `images` VALUES (86, '/upload/1/2449379a3be01081490a781b667cf245.jpg', '660f4be1d07f57162fde9736d81de1ac', '.jpg', 3000720, 0, 0, 1, 0, 0);
INSERT INTO `images` VALUES (87, '/upload/1/cd4d8781268e0742eec9f57b87f1fd5b.jpg', '223508e174b2c32842859b5174a2640a', '.jpg', 1139108, 0, 0, 1, 0, 0);
INSERT INTO `images` VALUES (88, '/upload/1/41ea591a6d6b0c1cf433dc3f904050a4.jpg', '843ca2a85603e746ecf466ce199b0766', '.jpg', 2596082, 0, 0, 1, 0, 0);
INSERT INTO `images` VALUES (89, '/upload/1/528b5b379a721d7e41d9a3f262314aea.jpg', 'a755746d88e41b504c29250f162b87f1', '.jpg', 1677513, 0, 0, 1, 0, 0);
INSERT INTO `images` VALUES (90, '/upload/1/b956b2033d0fc93c1506a10cbb1a9986.jpg', 'a0e3ea13270e2212e1f3afd6a5f0165e', '.jpg', 3631744, 0, 0, 1, 0, 0);
INSERT INTO `images` VALUES (91, '/upload/1/82140e536ea7cab3c523ce11cd818a0e.jpg', '499a12aa4d19fea5bb1a3f46c51a5e59', '.jpg', 8928465, 0, 0, 1, 0, 0);
INSERT INTO `images` VALUES (92, '/upload/1/5358c0bcf88b2bc837dad3be31f0e63a.jpg', 'a1d900555d685af4771a08a8f44e09ed', '.jpg', 4078486, 0, 0, 1, 0, 0);
INSERT INTO `images` VALUES (93, '/upload/1/12bbf18afc06d541834c1c2e832426b8.jpg', '3072a27ababc5490d15cd20b70f4ae55', '.jpg', 7605789, 0, 0, 1, 0, 0);
INSERT INTO `images` VALUES (94, '/upload/1/09637b0e74a35e886d820e0269a8709c.jpg', '80440093fe43ea39aeb4fe9038f4514d', '.jpg', 7455186, 0, 0, 1, 0, 0);
INSERT INTO `images` VALUES (95, '/upload/1/2bee76649632fc1a08a64a3fdf492d15.jpg', 'ab21f9c2a3e269cbc69c609f4ba8dd6a', '.jpg', 2434543, 0, 0, 1, 0, 0);
INSERT INTO `images` VALUES (96, '/upload/1/2d024073b143e9ee676cda95f25a6218.jpg', 'ada917dfee89537a6ebda681422288fb', '.jpg', 2458936, 0, 0, 1, 0, 0);
INSERT INTO `images` VALUES (97, '/upload/1/2adcb0aacf901281e9169fa64c337691.jpg', 'b413979040c884b5c73961ad1964f7f5', '.jpg', 1987855, 0, 0, 1, 0, 0);
INSERT INTO `images` VALUES (98, '/upload/1/be6c33105406149f490b896a5b449b0e.jpg', 'ae74cba273f538bcdda75bd66d11e543', '.jpg', 4601955, 0, 0, 1, 0, 0);
INSERT INTO `images` VALUES (99, '/upload/1/b08adb8b0147abf50f2d07afdc559aba.jpg', 'ba60472ef446483c0e3079916e7c8b1b', '.jpg', 3782504, 0, 0, 1, 0, 0);
INSERT INTO `images` VALUES (100, '/upload/1/09fef9dc851dfa8f2c57f36e8d6c217b.jpg', 'c0f0c1d77881283872acf51ebceb4338', '.jpg', 3049857, 0, 0, 1, 0, 0);
INSERT INTO `images` VALUES (101, '/upload/1/0def9d089c24f247fb4b2445ee0b151e.jpg', 'd05c72592580faf0da4faf5057d1fa1c', '.jpg', 3171103, 0, 0, 1, 0, 0);
INSERT INTO `images` VALUES (102, '/upload/1/d44d9dd2c7bb90fcce6fcf5cdc54f277.jpg', 'c25ea183d3907b9599f53b705e879646', '.jpg', 4050639, 0, 0, 1, 0, 0);
INSERT INTO `images` VALUES (103, '/upload/1/3414201a4d5dd986ef28de5fa1e74e75.jpg', 'c9bb1a1971525cf6bf12da432c3b3416', '.jpg', 5194764, 0, 0, 1, 0, 0);
INSERT INTO `images` VALUES (104, '/upload/1/d5b4ca0f843861c1adc8b2911e97979a.jpg', 'dc3591c77573c04a6a394d80e45ee67e', '.jpg', 2036634, 0, 0, 1, 0, 0);
INSERT INTO `images` VALUES (105, '/upload/1/ae5ac292d90d933bb9a2b0f32783325f.jpg', 'd892d3abfbbfdd0e6db475309696765b', '.jpg', 3944267, 0, 0, 1, 0, 0);
INSERT INTO `images` VALUES (106, '/upload/1/b93df4cfc2b9368a8a342542a60e3f7e.jpg', 'e983f5bac4d563d34db6e7f0c7b80299', '.jpg', 2647554, 0, 0, 1, 0, 0);
INSERT INTO `images` VALUES (107, '/upload/1/48c8f2cab878c0946e5879f959732894.jpg', 'f3ac3cbc7787d72d2e6c663ecb375578', '.jpg', 1591131, 0, 0, 1, 0, 0);
INSERT INTO `images` VALUES (108, '/upload/1/8a4747e3105568be56b46874042252ca.jpg', 'fe4f9dea828673a8bdfa4b2c97741575', '.jpg', 451542, 0, 0, 1, 0, 0);
INSERT INTO `images` VALUES (109, '/upload/1/e6cf8a8c034b932c06c6bca7a7e7883e.jpg', 'efa125e8d90a6dc6a0157238a5cbcfdb', '.jpg', 3269391, 0, 0, 1, 0, 0);
INSERT INTO `images` VALUES (110, '/upload/1/6caa5141956ec28d5f34211c9ee5e40c.jpg', 'fd350335d61609e410e1e8e8bf4e7d13', '.jpg', 3266888, 0, 0, 1, 0, 0);
INSERT INTO `images` VALUES (111, '/upload/1/3d9e9533b71b4d039aab071ab57852b6.jpg', 'ef4c70e9333f6bd3a7e34b986f1f2444', '.jpg', 5870173, 0, 0, 1, 0, 0);
INSERT INTO `images` VALUES (112, '/upload/1/89b73ef3fee9908447c5ad94b3f03e9a.jpg', 'eb62a4a8a70ea6bbdcedb7d8a8773702', '.jpg', 6453504, 0, 0, 1, 0, 0);
INSERT INTO `images` VALUES (113, '/upload/1/5311bb3889d7e13a00ff0482024f7ec9.jpg', 'f323365197f3548836c3fc411bf9f1a3', '.jpg', 6272265, 0, 0, 1, 0, 0);
INSERT INTO `images` VALUES (114, '/upload/3/080f407a9316f959f7607775883d62d6.jpg', '333', '.jpg', 971119, 0, 0, 3, 0, 0);
INSERT INTO `images` VALUES (115, '/upload/3/106abea71bb89f3312463bf847bbeab7.jpg', '333', '.jpg', 971119, 0, 0, 3, 0, 0);
INSERT INTO `images` VALUES (116, '/upload/3/1478c26143b3a5d248aa30cbdfef5498.jpg', '333', '.jpg', 971119, 0, 0, 3, 0, 0);
INSERT INTO `images` VALUES (117, '/upload/3/90b6a445a966343fdb036f789d3eff2c.jpg', '333', '.jpg', 971119, 0, 0, 3, 0, 0);
INSERT INTO `images` VALUES (118, '/upload/3/c75845ce6a66c6553e6d57680f5cad08.jpg', '333', '.jpg', 971119, 0, 0, 3, 0, 0);
INSERT INTO `images` VALUES (119, '/upload/3/a1d03c097bd71644408ba390f4ef9f9d.jpg', '333', '.jpg', 971119, 0, 0, 3, 0, 0);
INSERT INTO `images` VALUES (120, '/upload/3/ec9b190b046d4d359b254662d46fa726.jpg', 'qin', '.jpg', 324980, 0, 0, 3, 0, 0);
INSERT INTO `images` VALUES (121, '/upload/3/65e7c61cf112c458ef5c07a91ed3a66b.jpg', 'qin', '.jpg', 324980, 0, 0, 3, 0, 0);
INSERT INTO `images` VALUES (122, '/upload/3/9070b37a937faea646b0d97c5681c797.jpg', 'qin', '.jpg', 324980, 0, 0, 3, 0, 0);
INSERT INTO `images` VALUES (123, '/upload/3/06244e8409e5b230ff3b6497fd062ebb.jpg', 'qin', '.jpg', 324980, 0, 0, 3, 0, 0);
INSERT INTO `images` VALUES (124, '/upload/3/a11bdef18fd37968be9916acc71a30e4.jpg', 'qin', '.jpg', 324980, 0, 0, 3, 0, 0);
INSERT INTO `images` VALUES (125, '/upload/3/f3e9e97f468c22f8e7c89c2d042afa86.jpg', 'qin', '.jpg', 324980, 0, 0, 3, 0, 0);
INSERT INTO `images` VALUES (126, '/upload/5/a9acd5b5ef23004fdd53265fd69e3fbd.jpg', '111', '.jpg', 737069, 0, 0, 5, 0, 0);
INSERT INTO `images` VALUES (127, '/upload/4/89792cecc9fe75bf3e0230adc8f24256.jpg', '1a5248109814b0949ffe4a4897c244a9', '.jpg', 4562642, 0, 0, 4, 0, 0);
INSERT INTO `images` VALUES (128, '/upload/4/f7a0b0dd73964e9f2f7ca532a3f042fb.jpg', '1ab0ce074bc664f0a0baf07d49d167f6', '.jpg', 5711129, 0, 0, 4, 0, 0);
INSERT INTO `images` VALUES (129, '/upload/4/e07b567024cce9934a82f77c515879e3.jpg', '0ba79cb4cbacad24c6609f39701d4c2d', '.jpg', 6060964, 0, 0, 4, 0, 0);
INSERT INTO `images` VALUES (130, '/upload/4/d809ebf91f51c9bd4ebb4ead8ce3dad9.jpg', '0dcb07d85a953786de8051fe0ca00168', '.jpg', 7395984, 0, 0, 4, 0, 0);
INSERT INTO `images` VALUES (131, '/upload/4/36112d672ebf9967f72dd61f267ca48b.jpg', '1b0907c44f1c1ea649792d36be806b60', '.jpg', 7852410, 0, 0, 4, 0, 0);
INSERT INTO `images` VALUES (132, '/upload/4/bb9745c65d9bff3b7b9133409f17ecda.png', '1', '.png', 829851, 0, 0, 4, 0, 0);
INSERT INTO `images` VALUES (133, '/upload/4/5ff80fd2fc59bed96deaa684412e5cb6.png', '2', '.png', 209621, 0, 0, 4, 0, 0);
INSERT INTO `images` VALUES (134, '/upload/4/e10c71fe17fc29c6d409542ca385fa0c.png', '10', '.png', 559703, 0, 0, 4, 0, 0);
INSERT INTO `images` VALUES (135, '/upload/4/4ec26865ae70b68e7dab1707c0899c85.png', '4', '.png', 236452, 0, 0, 4, 0, 0);
INSERT INTO `images` VALUES (136, '/upload/4/533e7638ebf3b3cd58433f13743392f0.png', '3', '.png', 705490, 0, 0, 4, 0, 0);
INSERT INTO `images` VALUES (137, '/upload/4/8530373eaaa89ce7d40298a419a8a61f.jpg', '0e1db13a54d91e1c0e6987c198b203ba', '.jpg', 1869701, 0, 0, 4, 0, 0);
INSERT INTO `images` VALUES (138, '/upload/4/e96d9a5d09e77d189e134cc3a10e4978.jpg', '88ec5d9fbc66a08a3bcfdc18a471930b', '.jpg', 2518365, 0, 0, 4, 0, 0);
INSERT INTO `images` VALUES (139, '/upload/4/862b1ca5545fa9b95c2d9f403545294c.jpg', '2e53f3826ece5c23dab005681550ae23', '.jpg', 3101319, 0, 0, 4, 0, 0);
INSERT INTO `images` VALUES (140, '/upload/4/0d88e3f654ee99a3fa7bcca4355cc5ee.jpg', '08bc0b14cc9aecb4c9e3f5037a133d9b', '.jpg', 2984518, 0, 0, 4, 0, 0);
INSERT INTO `images` VALUES (141, '/upload/4/fa4533bf81a82064aad486fcbfba4fb2.jpg', '52996ba7541efc961b9c2c70e0c95738', '.jpg', 4225508, 0, 0, 4, 0, 0);
INSERT INTO `images` VALUES (142, '/upload/4/9972ac85d5d8dce8d96bdc6c01e20885.jpg', '88ec5d9fbc66a08a3bcfdc18a471930b', '.jpg', 2518365, 0, 0, 4, 0, 0);
INSERT INTO `images` VALUES (143, '/upload/4/a3c72d5476dbd7a73b5f53b948a1fec4.jpg', '0e1db13a54d91e1c0e6987c198b203ba', '.jpg', 1869701, 0, 0, 4, 0, 0);
INSERT INTO `images` VALUES (144, '/upload/4/6827e8a9dcf20867e81eb54926ac6091.jpg', '08bc0b14cc9aecb4c9e3f5037a133d9b', '.jpg', 2984518, 0, 0, 4, 0, 0);
INSERT INTO `images` VALUES (145, '/upload/4/6bc76bd5f2ec102abee3188253af6420.jpg', '2e53f3826ece5c23dab005681550ae23', '.jpg', 3101319, 0, 0, 4, 0, 0);
INSERT INTO `images` VALUES (146, '/upload/4/6122db5a585e9a7980c5f4ffc8c6153e.jpg', '777e4f265a9824b95833905636ef07ab', '.jpg', 3374683, 0, 0, 4, 0, 0);
INSERT INTO `images` VALUES (147, '/upload/4/0722d3a4e629a79c9c5608e36c464ec4.jpg', '52996ba7541efc961b9c2c70e0c95738', '.jpg', 4225508, 0, 0, 4, 0, 0);
INSERT INTO `images` VALUES (148, '/upload/4/7a55db80cd8251e2995d8e9c5c158ae3.jpg', '0fd58179efc6210c3fff77e58ca20d7d', '.jpg', 1279159, 0, 0, 4, 0, 0);
INSERT INTO `images` VALUES (149, '/upload/4/5ca6340f055c84ac2e7a1da7fd692f4d.jpg', 'd05f2627619c4b165c65fb9367d95838', '.jpg', 2069730, 0, 0, 4, 0, 0);
INSERT INTO `images` VALUES (150, '/upload/4/0bca32cd7e9536c440139c04dec0ee4a.jpg', '52425cd851ab0355769c9d3e08a7f7bd', '.jpg', 4402286, 0, 0, 4, 0, 0);
INSERT INTO `images` VALUES (151, '/upload/4/b55823fa0f97b1b754691b2875239b7f.jpg', 'f8f266a2f9c5a5cd9fe342dff5025aa3', '.jpg', 4133623, 0, 0, 4, 0, 0);
INSERT INTO `images` VALUES (152, '/upload/4/52690ff4588493360dcfad31a85b7f93.jpg', '0e1db13a54d91e1c0e6987c198b203ba', '.jpg', 1869701, 0, 0, 4, 0, 0);
INSERT INTO `images` VALUES (153, '/upload/4/8c01cedbb9ccb212212b9c75e0880676.jpg', '3659d0c0bc078e5d8f0306598f33ee43', '.jpg', 2320967, 0, 0, 4, 0, 0);
INSERT INTO `images` VALUES (154, '/upload/4/aa01cbba4e7c96467f1b253ed4e4e9c0.jpg', '88ec5d9fbc66a08a3bcfdc18a471930b', '.jpg', 2518365, 0, 0, 4, 0, 0);
INSERT INTO `images` VALUES (155, '/upload/4/9250a3988d82451ebaacf4ff38bf094d.jpg', '08bc0b14cc9aecb4c9e3f5037a133d9b', '.jpg', 2984518, 0, 0, 4, 0, 0);
INSERT INTO `images` VALUES (156, '/upload/4/ffa567825fc91a9295b4f83ad22f33ae.jpg', '2e53f3826ece5c23dab005681550ae23', '.jpg', 3101319, 0, 0, 4, 0, 0);
INSERT INTO `images` VALUES (157, '/upload/4/78da0bbb0f1e7e7cd145c80c1471934e.jpg', '52996ba7541efc961b9c2c70e0c95738', '.jpg', 4225508, 0, 0, 4, 0, 0);
INSERT INTO `images` VALUES (158, '/upload/4/99622c90de2eaebf14e9302e0c64013c.jpg', '0fd58179efc6210c3fff77e58ca20d7d', '.jpg', 1279159, 0, 0, 4, 0, 0);
INSERT INTO `images` VALUES (159, '/upload/4/4477eee319c47caabcf51c84737b555f.jpg', '95d064773111389cf1ff463711d04815', '.jpg', 2391168, 0, 0, 4, 0, 0);
INSERT INTO `images` VALUES (160, '/upload/4/7064daf8b4bc153038a0ff7a0654723e.jpg', 'd05f2627619c4b165c65fb9367d95838', '.jpg', 2069730, 0, 0, 4, 0, 0);
INSERT INTO `images` VALUES (161, '/upload/4/bf5e672a36bde5c05cc11ebc26a72a96.jpg', '777e4f265a9824b95833905636ef07ab', '.jpg', 3374683, 0, 0, 4, 0, 0);
INSERT INTO `images` VALUES (162, '/upload/4/39184e21915a12174a972c23569a3c5f.jpg', '52425cd851ab0355769c9d3e08a7f7bd', '.jpg', 4402286, 0, 0, 4, 0, 0);
INSERT INTO `images` VALUES (163, '/upload/4/66e9347a82207ce211cc3e2d3cb46ad4.jpg', 'f8f266a2f9c5a5cd9fe342dff5025aa3', '.jpg', 4133623, 0, 0, 4, 0, 0);
INSERT INTO `images` VALUES (164, '/upload/4/896e00849490e670c4eb602ccb35fb9a.jpg', 'ca18612db187ad77d4e3be1f35cae86c', '.jpg', 4763390, 0, 0, 4, 0, 0);
INSERT INTO `images` VALUES (165, '/upload/4/d622074237cc995f8e5215a6c4f21489.jpg', '1d05216b0283e86071c472da28857916', '.jpg', 5603780, 0, 0, 4, 0, 0);
INSERT INTO `images` VALUES (166, '/upload/4/a3426b5756240788e2f785118b48aff6.jpg', '300643f7aa80329b9f8c4ef3e1c86f57', '.jpg', 4103451, 0, 0, 4, 0, 0);
INSERT INTO `images` VALUES (167, '/upload/4/465ce2e35b41d06ca2d41f996570e38f.jpg', 'b186622fa3eb618081781e27d62cc327', '.jpg', 4113717, 0, 0, 4, 0, 0);
INSERT INTO `images` VALUES (168, '/upload/4/52b963f3d5516c087b1b7503a6b02773.jpg', 'dd6ffa795835bbdc39a3887108fd4917', '.jpg', 4076012, 0, 0, 4, 0, 0);
INSERT INTO `images` VALUES (169, '/upload/4/8261098419e115a6a237a0f34ac250c7.jpg', '206e50d8b1c130f335711041b2d15c29', '.jpg', 2520471, 0, 0, 4, 0, 0);
INSERT INTO `images` VALUES (170, '/upload/4/986d347406d1e0133a3ba706bd270808.jpg', 'a8827cc704c387d8249241ce65cc1009', '.jpg', 3840279, 0, 0, 4, 0, 0);
INSERT INTO `images` VALUES (171, '/upload/4/3bc9810347436b6c306f102bf487ec85.jpg', '5b48ead75f16cd0a925383f1631fa874', '.jpg', 10182301, 0, 0, 4, 0, 0);
INSERT INTO `images` VALUES (172, '/upload/4/4ea6af875a39097e817fd1df00b2967f.jpg', '7b7ff7c6a4dd132272b15abb2a121186', '.jpg', 3178907, 0, 0, 4, 0, 0);
INSERT INTO `images` VALUES (173, '/upload/4/0baf2e92f1b1f1e8106e04cdaaf6db6b.jpg', '0e1db13a54d91e1c0e6987c198b203ba', '.jpg', 1869701, 0, 0, 4, 0, 0);
INSERT INTO `images` VALUES (174, '/upload/4/0de3771459aea100ec5aabe3d2201589.jpg', '88ec5d9fbc66a08a3bcfdc18a471930b', '.jpg', 2518365, 0, 0, 4, 0, 0);
INSERT INTO `images` VALUES (175, '/upload/4/dfc03a54468b2be3724105447c5071d4.jpg', '08bc0b14cc9aecb4c9e3f5037a133d9b', '.jpg', 2984518, 0, 0, 4, 0, 0);
INSERT INTO `images` VALUES (176, '/upload/4/140846e707e8e42d37634e29b0210e71.jpg', '2e53f3826ece5c23dab005681550ae23', '.jpg', 3101319, 0, 0, 4, 0, 0);
INSERT INTO `images` VALUES (177, '/upload/6/24da4eb4e1e44f2cc3df1e3cd930775d.jpg', '0e1db13a54d91e1c0e6987c198b203ba', '.jpg', 1869701, 0, 0, 6, 0, 0);
INSERT INTO `images` VALUES (178, '/upload/6/47f98b0e7bb6d14e286be52c9c11da7d.jpg', '3659d0c0bc078e5d8f0306598f33ee43', '.jpg', 2320967, 0, 0, 6, 0, 0);
INSERT INTO `images` VALUES (179, '/upload/6/27e049081af954732b9fc93ce39c3256.jpg', '88ec5d9fbc66a08a3bcfdc18a471930b', '.jpg', 2518365, 0, 0, 6, 0, 0);
INSERT INTO `images` VALUES (180, '/upload/6/0782f897e1a03819e9cd417710e793fa.jpg', '08bc0b14cc9aecb4c9e3f5037a133d9b', '.jpg', 2984518, 0, 0, 6, 0, 0);
INSERT INTO `images` VALUES (181, '/upload/6/c14b1cecc8c85b6ac92bf576ae9b536e.jpg', '2e53f3826ece5c23dab005681550ae23', '.jpg', 3101319, 0, 0, 6, 0, 0);
INSERT INTO `images` VALUES (182, '/upload/6/5299f4fddb1b7ddf167461aec9814d68.jpg', '52996ba7541efc961b9c2c70e0c95738', '.jpg', 4225508, 0, 0, 6, 0, 0);
INSERT INTO `images` VALUES (183, '/upload/6/a3a65fc59647d1b8d2b647f04b6c2d01.jpg', '0fd58179efc6210c3fff77e58ca20d7d', '.jpg', 1279159, 0, 0, 6, 0, 0);
INSERT INTO `images` VALUES (184, '/upload/6/1265ccd646d3387651a362ca6f6ea83d.jpg', '95d064773111389cf1ff463711d04815', '.jpg', 2391168, 0, 0, 6, 0, 0);
INSERT INTO `images` VALUES (185, '/upload/6/08c02b03dd9b7c14aaa75998513fc2ce.jpg', 'd05f2627619c4b165c65fb9367d95838', '.jpg', 2069730, 0, 0, 6, 0, 0);
INSERT INTO `images` VALUES (186, '/upload/6/5cfd434f56bcfa80017b24e2dcb74eb7.jpg', '777e4f265a9824b95833905636ef07ab', '.jpg', 3374683, 0, 0, 6, 0, 0);
INSERT INTO `images` VALUES (187, '/upload/6/c7d2e7b733fc6dcaf61959ee206472ce.jpg', '52425cd851ab0355769c9d3e08a7f7bd', '.jpg', 4402286, 0, 0, 6, 0, 0);
INSERT INTO `images` VALUES (188, '/upload/6/b6262ed22f5ba7cb53a48911f6e59eae.jpg', 'f8f266a2f9c5a5cd9fe342dff5025aa3', '.jpg', 4133623, 0, 0, 6, 0, 0);
INSERT INTO `images` VALUES (189, '/upload/6/500ddb6073b1675be7ced17806e4c1d4.jpg', '1d05216b0283e86071c472da28857916', '.jpg', 5603780, 0, 0, 6, 0, 0);
INSERT INTO `images` VALUES (190, '/upload/1/a3e7aea7cb1ca82f0c5ef069c4209f23.png', '89e3dac0311e4392958fbe575d0d4e48', '.png', 57007, 0, 0, 1, 0, 0);
INSERT INTO `images` VALUES (191, '/upload/1/25b3c9f365fd6d6339ae3e7b7afeb258.png', 'b00ad68310ea493db99d2b7a22b38d71', '.png', 20048, 0, 0, 1, 0, 0);
INSERT INTO `images` VALUES (192, '/upload/1/239a2899302ca487cf92f1903bc3bc62.png', '8b0d70be474d085a165414287c2cba04', '.png', 35607, 0, 0, 1, 0, 0);
INSERT INTO `images` VALUES (193, '/upload/1/04413a3b85712b0724bd59273edb83c8.png', '3b97a91b64b121ee897313d8c0536e61', '.png', 132011, 0, 0, 1, 0, 0);
INSERT INTO `images` VALUES (194, '/upload/1/619c6e5854517304ccd0284a283a549d.png', 'cd175d154102de911c7be8945b3812cd', '.png', 344399, 0, 0, 1, 0, 0);
INSERT INTO `images` VALUES (195, '/upload/1/d0f8caeac38d3c3bf6da4e099883f261.png', 'a6ebd3da4a6c8a783ee26b4a6d3d9cb6', '.png', 453146, 0, 0, 1, 0, 0);
INSERT INTO `images` VALUES (196, '/upload/1/9bab3b9f0796d40f2964c859a0769be1.png', 'cec2fa44eb503ba783f9788bedda7788', '.png', 408450, 0, 0, 1, 0, 0);

-- ----------------------------
-- Table structure for pages
-- ----------------------------
DROP TABLE IF EXISTS `pages`;
CREATE TABLE `pages`  (
  `id` int(11) UNSIGNED NOT NULL AUTO_INCREMENT,
  `book_id` int(11) NOT NULL COMMENT '所属书的id',
  `page_type` tinyint(4) NOT NULL COMMENT '页面类型，0：护封，1：封面，2：内页，3：自定义页',
  `page_group` tinyint(4) NOT NULL COMMENT '内页分组，0：内页前置页，1：内页，2：内页后置页',
  `flag` tinyint(255) NOT NULL COMMENT '左右页标识：0左，1右，2双',
  `background` json NULL COMMENT '背景设置',
  `elements` json NULL COMMENT '页面元素',
  `sort` int(255) NOT NULL COMMENT '排序',
  `is_deleted` tinyint(255) NOT NULL DEFAULT 0 COMMENT '是否删除',
  `resize` tinyint(4) NOT NULL DEFAULT 0 COMMENT '重写页面大小，只对内页有效，封面、护封的页面大小不可重写，自定义页的大小不从basebook继承，直接使用此表的width和height，所以rewrite_size只在page_type=2时使用',
  `width` int(11) NOT NULL DEFAULT 0 COMMENT '重写的宽，毫米',
  `height` int(11) NOT NULL DEFAULT 0 COMMENT '重写的高，毫米',
  PRIMARY KEY (`id`) USING BTREE
) ENGINE = InnoDB CHARACTER SET = utf8mb4 COLLATE = utf8mb4_general_ci ROW_FORMAT = Dynamic;

-- ----------------------------
-- Records of pages
-- ----------------------------
INSERT INTO `pages` VALUES (1, 1, 1, 0, 2, '{\"image\": \"/images/background/1_l.png\"}', '[{\"x\": 3211, \"y\": 549, \"fill\": \"#f2a9ba\", \"rect\": {\"rx\": 350, \"ry\": 350}, \"type\": \"image\", \"angle\": 0, \"fixed\": false, \"image\": {\"x\": -20, \"y\": -20, \"url\": \"/images/p1.jpg\", \"height\": null, \"translate_x\": 0, \"translate_y\": 0, \"width_scale\": 1, \"height_scale\": 1}, \"shape\": \"rect\", \"width\": 1759, \"height\": 2361, \"stroke\": \"white\", \"display\": true, \"is_fill\": false, \"is_stroke\": true, \"fill_opacity\": 1, \"stroke_width\": 100, \"stroke_opacity\": 1, \"stroke_dasharray\": \"50\"}, {\"x\": 1016, \"y\": 1576, \"fill\": \"none\", \"rect\": {\"rx\": 30, \"ry\": 30}, \"type\": \"image\", \"angle\": 0, \"fixed\": false, \"image\": {\"x\": null, \"y\": null, \"url\": \"/images/p5.jpg\", \"translate_x\": 0, \"translate_y\": 0, \"width_scale\": 1, \"height_scale\": 1}, \"shape\": \"circle\", \"width\": 1114, \"height\": 877, \"stroke\": \"lightsteelblue\", \"display\": true, \"is_fill\": true, \"is_stroke\": true, \"fill_opacity\": 1, \"stroke_width\": 18, \"stroke_opacity\": 1, \"stroke_dasharray\": \"0\"}, {\"x\": 436, \"y\": 269, \"fill\": \"none\", \"rect\": {\"rx\": 0, \"ry\": 0}, \"type\": \"image\", \"angle\": 1, \"fixed\": false, \"image\": {\"x\": 122, \"y\": -56, \"url\": \"/images/p2.jpg\", \"translate_x\": 0, \"translate_y\": 0, \"width_scale\": 1, \"height_scale\": 1}, \"shape\": \"circle\", \"width\": 1384, \"height\": 1153, \"stroke\": \"#fcecef\", \"display\": true, \"is_fill\": true, \"is_stroke\": true, \"fill_opacity\": 1, \"stroke_width\": 50, \"stroke_opacity\": 1, \"stroke_dasharray\": \"50\"}, {\"x\": 1132.237972725387, \"y\": 2707.692130755512, \"fill\": \"#f2a9ba\", \"rect\": {\"rx\": 0, \"ry\": 0}, \"type\": \"shape\", \"angle\": 0, \"fixed\": false, \"image\": null, \"shape\": \"circle\", \"width\": 303.9085693359375, \"height\": 176.63067626953125, \"stroke\": \"\", \"display\": true, \"is_fill\": true, \"is_stroke\": true, \"fill_opacity\": 1, \"stroke_width\": 0, \"stroke_opacity\": 1, \"stroke_dasharray\": \"\"}, {\"x\": 1334.237972725387, \"y\": 3029.692130755512, \"fill\": \"#f2a9ba\", \"rect\": {\"rx\": 0, \"ry\": 0}, \"type\": \"shape\", \"angle\": 0, \"fixed\": false, \"image\": null, \"shape\": \"circle\", \"width\": 151.9085693359375, \"height\": 93.63067626953124, \"stroke\": \"\", \"display\": true, \"is_fill\": true, \"is_stroke\": true, \"fill_opacity\": 1, \"stroke_width\": 0, \"stroke_opacity\": 1, \"stroke_dasharray\": \"\"}, {\"x\": 1289.237972725387, \"y\": 3271.692130755512, \"fill\": \"#f2a9ba\", \"rect\": {\"rx\": 0, \"ry\": 0}, \"type\": \"shape\", \"angle\": 0, \"fixed\": false, \"image\": null, \"shape\": \"circle\", \"width\": 91.9085693359375, \"height\": 61.63067626953125, \"stroke\": \"\", \"display\": true, \"is_fill\": true, \"is_stroke\": true, \"fill_opacity\": 1, \"stroke_width\": 0, \"stroke_opacity\": 1, \"stroke_dasharray\": \"\"}]', 0, 0, 0, 0, 0);
INSERT INTO `pages` VALUES (2, 1, 2, 1, 2, '{\"image\": \"/images/background/2_l.png\"}', '[{\"x\": 3056, \"y\": 791, \"fill\": \"none\", \"rect\": {\"rx\": 30, \"ry\": 30}, \"type\": \"image\", \"angle\": 45, \"fixed\": false, \"image\": {\"x\": null, \"y\": null, \"url\": \"/images/p1.jpg\", \"translate_x\": 0, \"translate_y\": 0, \"width_scale\": 1, \"height_scale\": 1}, \"shape\": \"circle\", \"width\": 1654, \"height\": 1062, \"stroke\": \"#f6c0ce\", \"display\": true, \"is_fill\": true, \"is_stroke\": true, \"fill_opacity\": 1, \"stroke_width\": 50, \"stroke_opacity\": 1, \"stroke_dasharray\": \"\"}, {\"x\": 416, \"y\": 238, \"fill\": \"none\", \"rect\": {\"rx\": 30, \"ry\": 30}, \"type\": \"image\", \"angle\": 0, \"fixed\": false, \"image\": {\"url\": \"/images/p5.jpg\", \"translate_x\": 0, \"translate_y\": 0, \"width_scale\": 1, \"height_scale\": 1}, \"shape\": \"rect\", \"width\": 1958, \"height\": 1223, \"stroke\": \"#f6c0ce\", \"display\": true, \"is_fill\": true, \"is_stroke\": true, \"fill_opacity\": 1, \"stroke_width\": 50, \"stroke_opacity\": 1, \"stroke_dasharray\": \"300,10\"}, {\"x\": 3020.60888671875, \"y\": 2605.5099487304688, \"fill\": \"#f2a9ba\", \"rect\": {\"rx\": 0, \"ry\": 0}, \"type\": \"image\", \"angle\": 0, \"fixed\": false, \"image\": {\"x\": null, \"y\": null, \"url\": \"/upload/1/04413a3b85712b0724bd59273edb83c8.png\", \"translate_x\": 0, \"translate_y\": 0, \"width_scale\": 1, \"height_scale\": 1}, \"shape\": \"rect\", \"width\": 1028.67822265625, \"height\": 505.42572021484375, \"stroke\": \"#f2a9ba\", \"display\": true, \"is_fill\": false, \"is_stroke\": false, \"fill_opacity\": 1, \"stroke_width\": 1, \"stroke_opacity\": 1, \"stroke_dasharray\": \"\"}]', 0, 0, 0, 0, 0);
INSERT INTO `pages` VALUES (3, 1, 2, 1, 2, '{\"image\": \"/images/background/3_l.png\"}', '[{\"x\": 321.4833984375, \"y\": 2225.2271728515625, \"fill\": \"#f2a9ba\", \"rect\": {\"rx\": 0, \"ry\": 0}, \"type\": \"shape\", \"angle\": 0, \"fixed\": false, \"image\": null, \"shape\": \"circle\", \"width\": 775.6671142578125, \"height\": 802.4141845703125, \"stroke\": \"\", \"display\": true, \"is_fill\": true, \"is_stroke\": true, \"fill_opacity\": 1, \"stroke_width\": 0, \"stroke_opacity\": 1, \"stroke_dasharray\": \"\"}, {\"x\": 3870.7783203125, \"y\": 235.32781982421875, \"fill\": \"#f2a9ba\", \"rect\": {\"rx\": 0, \"ry\": 0}, \"type\": \"image\", \"angle\": 0, \"fixed\": false, \"image\": {\"x\": null, \"y\": null, \"url\": \"/upload/1/f3f6416e301fd92ea5145ac643fcd11c.jpg\", \"translate_x\": 0, \"translate_y\": 0, \"width_scale\": 1, \"height_scale\": 1}, \"shape\": \"rect\", \"width\": 833.619140625, \"height\": 650.8471069335938, \"stroke\": \"#00ffff\", \"display\": true, \"is_fill\": true, \"is_stroke\": true, \"fill_opacity\": 0.5, \"stroke_width\": 0, \"stroke_opacity\": 1, \"stroke_dasharray\": \"\"}, {\"x\": 825.3159164891094, \"y\": 110.60998297665378, \"fill\": \"none\", \"rect\": {\"rx\": 30, \"ry\": 30}, \"type\": \"image\", \"angle\": 0, \"fixed\": false, \"image\": {\"x\": null, \"y\": null, \"url\": \"/images/p2.jpg\", \"translate_x\": 0, \"translate_y\": 0, \"width_scale\": 1, \"height_scale\": 1}, \"shape\": \"ellipse\", \"width\": 2027, \"height\": 2838, \"stroke\": \"#f6c0ce\", \"display\": true, \"is_fill\": true, \"is_stroke\": true, \"fill_opacity\": 1, \"stroke_width\": 50, \"stroke_opacity\": 1, \"stroke_dasharray\": \"0\"}]', 1, 0, 0, 0, 0);
INSERT INTO `pages` VALUES (4, 1, 2, 1, 2, '{\"image\": \"/images/background/4_l.png\"}', '[{\"x\": 96.35125732421876, \"y\": 91.78567504882812, \"fill\": \"#f2a9ba\", \"rect\": {\"rx\": 0, \"ry\": 0}, \"type\": \"image\", \"angle\": 0, \"fixed\": false, \"image\": {\"x\": -101, \"y\": -83, \"url\": \"/upload/1/8230c57b618dc8f2f3ca57c2cfead700.jpg\", \"translate_x\": 0, \"translate_y\": 0, \"width_scale\": 1, \"height_scale\": 1}, \"shape\": \"rect\", \"width\": 2355.3250122070312, \"height\": 3251.0064392089844, \"stroke\": \"\", \"display\": true, \"is_fill\": true, \"is_stroke\": true, \"fill_opacity\": 0, \"stroke_width\": 0, \"stroke_opacity\": 1, \"stroke_dasharray\": \"\"}, {\"x\": 345.2669677734375, \"y\": 2121.2135009765625, \"fill\": \"#f2a9ba\", \"rect\": {\"rx\": 0, \"ry\": 0}, \"type\": \"shape\", \"angle\": 0, \"fixed\": false, \"image\": null, \"shape\": \"circle\", \"width\": 115.2979736328125, \"height\": 383.7535400390625, \"stroke\": \"#80ff00\", \"display\": true, \"is_fill\": true, \"is_stroke\": true, \"fill_opacity\": 1, \"stroke_width\": 0, \"stroke_opacity\": 1, \"stroke_dasharray\": \"\"}, {\"x\": 4180.465087890625, \"y\": 2673.00634765625, \"fill\": \"#f2a9ba\", \"rect\": {\"rx\": 0, \"ry\": 0}, \"type\": \"image\", \"angle\": 0, \"fixed\": false, \"image\": {\"x\": null, \"y\": null, \"url\": \"/upload/1/239a2899302ca487cf92f1903bc3bc62.png\", \"translate_x\": 0, \"translate_y\": 0, \"width_scale\": 1, \"height_scale\": 1}, \"shape\": \"rect\", \"width\": 776.282470703125, \"height\": 532.922119140625, \"stroke\": \"#f2a9ba\", \"display\": true, \"is_fill\": false, \"is_stroke\": false, \"fill_opacity\": 1, \"stroke_width\": 1, \"stroke_opacity\": 1, \"stroke_dasharray\": \"\"}]', 2, 0, 0, 0, 0);
INSERT INTO `pages` VALUES (5, 1, 2, 1, 2, '{\"image\": \"/images/background/5_l.png\"}', '[{\"x\": 3582.6337890625, \"y\": 9.373533248901367, \"fill\": \"#f2a9ba\", \"rect\": {\"rx\": 0, \"ry\": 0}, \"type\": \"shape\", \"angle\": 0, \"fixed\": true, \"shape\": \"rect\", \"width\": 1523.12939453125, \"height\": 3428.092287063598, \"stroke\": \"#f2a9ba\", \"display\": true, \"is_fill\": true, \"is_stroke\": true, \"fill_opacity\": 1, \"stroke_width\": 1, \"stroke_opacity\": 1, \"stroke_dasharray\": \"\"}, {\"x\": 221.78515625, \"y\": 2768.5621337890625, \"fill\": \"#f2a9ba\", \"rect\": {\"rx\": 0, \"ry\": 0}, \"type\": \"shape\", \"angle\": 0, \"fixed\": false, \"shape\": \"circle\", \"width\": 598.345703125, \"height\": 260.2498779296875, \"stroke\": \"#f2a9ba\", \"display\": true, \"is_fill\": true, \"is_stroke\": true, \"fill_opacity\": 1, \"stroke_width\": 1, \"stroke_opacity\": 1, \"stroke_dasharray\": \"\"}, {\"x\": 4319.821594238281, \"y\": 5.50994873046875, \"fill\": \"#f2a9ba\", \"rect\": {\"rx\": 0, \"ry\": 0}, \"type\": \"image\", \"angle\": 45, \"fixed\": false, \"image\": {\"x\": null, \"y\": null, \"url\": \"/upload/1/d0f8caeac38d3c3bf6da4e099883f261.png\", \"translate_x\": 0, \"translate_y\": 0, \"width_scale\": 1, \"height_scale\": 1}, \"shape\": \"rect\", \"width\": 572.4850463867188, \"height\": 552.4529418945312, \"stroke\": \"#f2a9ba\", \"display\": true, \"is_fill\": false, \"is_stroke\": false, \"fill_opacity\": 1, \"stroke_width\": 1, \"stroke_opacity\": 1, \"stroke_dasharray\": \"\"}]', 3, 0, 0, 0, 0);
INSERT INTO `pages` VALUES (6, 1, 2, 1, 2, '{\"image\": \"/images/background/6_l.png\"}', '[]', 4, 0, 0, 0, 0);
INSERT INTO `pages` VALUES (7, 1, 2, 1, 2, '{\"image\": \"/images/background/7_l.png\"}', '[{\"x\": 91.16802978515624, \"y\": 96.39852905273438, \"fill\": \"white\", \"rect\": {\"rx\": 100, \"ry\": 100}, \"type\": \"shape\", \"angle\": 0, \"fixed\": false, \"image\": null, \"shape\": \"rect\", \"width\": 2359.0014038085938, \"height\": 1582.297882080078, \"stroke\": \"gray\", \"display\": true, \"is_fill\": true, \"is_stroke\": true, \"fill_opacity\": 0, \"stroke_width\": 50, \"stroke_opacity\": 0.5, \"stroke_dasharray\": \"\"}, {\"x\": 2504.447265625, \"y\": 116.4463882446289, \"fill\": \"#f2a9ba\", \"rect\": {\"rx\": 0, \"ry\": 0}, \"type\": \"image\", \"angle\": 0, \"fixed\": false, \"image\": {\"x\": 16, \"y\": 13, \"url\": \"/upload/1/5ed3c6439afb535c6a77973e134e3dba.jpg\", \"translate_x\": 0, \"translate_y\": 0, \"width_scale\": 1, \"height_scale\": 1}, \"shape\": \"circle\", \"width\": 1681.11572265625, \"height\": 1003.997215270996, \"stroke\": \"gray\", \"display\": true, \"is_fill\": true, \"is_stroke\": true, \"fill_opacity\": 0, \"stroke_width\": 50, \"stroke_opacity\": 0.5, \"stroke_dasharray\": \"\"}]', 5, 0, 0, 0, 0);
INSERT INTO `pages` VALUES (8, 1, 2, 1, 2, '{\"image\": \"/images/background/8_l.png\"}', '[]', 6, 0, 0, 0, 0);
INSERT INTO `pages` VALUES (9, 1, 2, 1, 2, '{\"image\": \"/images/background/9_l.png\"}', '[]', 7, 0, 0, 0, 0);
INSERT INTO `pages` VALUES (10, 1, 2, 1, 2, '{\"image\": \"/images/background/10_l.png\"}', '[{\"x\": 448.6280517578125, \"y\": 1083.7171630859375, \"fill\": \"#f2a9ba\", \"rect\": {\"rx\": 0, \"ry\": 0}, \"type\": \"image\", \"angle\": 0, \"fixed\": false, \"image\": {\"url\": \"/images/kc.jpg\", \"translate_x\": 0, \"translate_y\": 0, \"width_scale\": 1, \"height_scale\": 1}, \"shape\": \"ellipse\", \"width\": 1818.8057861328125, \"height\": 1292.7784423828125, \"stroke\": \"#f2a9ba\", \"display\": true, \"is_fill\": false, \"is_stroke\": true, \"fill_opacity\": 1, \"stroke_width\": 100, \"stroke_opacity\": 1, \"stroke_dasharray\": \"30 20\"}, {\"x\": 3222.315185546875, \"y\": 2970.8585205078125, \"fill\": \"#f2a9ba\", \"rect\": {\"rx\": 0, \"ry\": 0}, \"type\": \"shape\", \"angle\": 0, \"fixed\": false, \"shape\": \"circle\", \"width\": 107.109375, \"height\": 109.7357177734375, \"stroke\": \"#f2a9ba\", \"display\": true, \"is_fill\": true, \"is_stroke\": true, \"fill_opacity\": 1, \"stroke_width\": 1, \"stroke_opacity\": 1, \"stroke_dasharray\": \"\"}, {\"x\": 3265.96875, \"y\": 3207.73486328125, \"fill\": \"#f2a9ba\", \"rect\": {\"rx\": 0, \"ry\": 0}, \"type\": \"shape\", \"angle\": 0, \"fixed\": false, \"shape\": \"circle\", \"width\": 120.362060546875, \"height\": 80.241455078125, \"stroke\": \"#f2a9ba\", \"display\": true, \"is_fill\": true, \"is_stroke\": true, \"fill_opacity\": 1, \"stroke_width\": 1, \"stroke_opacity\": 1, \"stroke_dasharray\": \"\"}, {\"x\": 3180.9237060546875, \"y\": 2675.69140625, \"fill\": \"#f2a9ba\", \"rect\": {\"rx\": 0, \"ry\": 0}, \"type\": \"shape\", \"angle\": 0, \"fixed\": false, \"shape\": \"circle\", \"width\": 219.772216796875, \"height\": 195.362060546875, \"stroke\": \"#f2a9ba\", \"display\": true, \"is_fill\": true, \"is_stroke\": true, \"fill_opacity\": 1, \"stroke_width\": 1, \"stroke_opacity\": 1, \"stroke_dasharray\": \"\"}, {\"x\": 4414.1435546875, \"y\": 3035.4571533203125, \"fill\": \"#ffffff\", \"rect\": {\"rx\": 0, \"ry\": 0}, \"type\": \"shape\", \"angle\": 0, \"fixed\": false, \"shape\": \"circle\", \"width\": 187.23046875, \"height\": 173.8563232421875, \"stroke\": \"#f2a9ba\", \"display\": true, \"is_fill\": true, \"is_stroke\": true, \"fill_opacity\": 0.5, \"stroke_width\": 1, \"stroke_opacity\": 1, \"stroke_dasharray\": \"\"}, {\"x\": 2909.449462890625, \"y\": 2163.89208984375, \"fill\": \"#f2a9ba\", \"rect\": {\"rx\": 0, \"ry\": 0}, \"type\": \"image\", \"angle\": 0, \"fixed\": false, \"image\": {\"x\": null, \"y\": null, \"url\": \"/images/kc.jpg\", \"translate_x\": 0, \"translate_y\": 0, \"width_scale\": 1, \"height_scale\": 1}, \"shape\": \"circle\", \"width\": 619.64208984375, \"height\": 405.6650390625, \"stroke\": \"#f2a9ba\", \"display\": true, \"is_fill\": false, \"is_stroke\": true, \"fill_opacity\": 1, \"stroke_width\": 50, \"stroke_opacity\": 1, \"stroke_dasharray\": \"50,5\"}]', 8, 0, 0, 0, 0);
INSERT INTO `pages` VALUES (11, 1, 2, 1, 2, '{\"image\": \"\"}', '[{\"x\": -282.9765930175781, \"y\": 734.3985443115234, \"fill\": \"#f2a9ba\", \"rect\": {\"rx\": 0, \"ry\": 0}, \"type\": \"shape\", \"angle\": 40, \"fixed\": true, \"image\": null, \"shape\": \"rect\", \"width\": 5491.965118408203, \"height\": 2125.5235748291016, \"stroke\": \"\", \"display\": true, \"is_fill\": true, \"is_stroke\": true, \"fill_opacity\": 1, \"stroke_width\": 0, \"stroke_opacity\": 1, \"stroke_dasharray\": \"\"}, {\"x\": 90.14411926269533, \"y\": 2741.7420654296875, \"fill\": \"#f2a9ba\", \"rect\": {\"rx\": 0, \"ry\": 0}, \"type\": \"shape\", \"angle\": 0, \"fixed\": false, \"image\": null, \"shape\": \"rect\", \"width\": 711.8264617919922, \"height\": 609.8858642578125, \"stroke\": \"#f2a9ba\", \"display\": true, \"is_fill\": true, \"is_stroke\": true, \"fill_opacity\": 0.3, \"stroke_width\": 100, \"stroke_opacity\": 1, \"stroke_dasharray\": \"\"}, {\"x\": 2521.0570068359375, \"y\": 426.2978515625, \"fill\": \"white\", \"rect\": {\"rx\": 0, \"ry\": 0}, \"type\": \"shape\", \"angle\": 0, \"fixed\": false, \"image\": null, \"shape\": \"rect\", \"width\": 777.9307861328125, \"height\": 682.801513671875, \"stroke\": \"\", \"display\": true, \"is_fill\": true, \"is_stroke\": true, \"fill_opacity\": 0.4, \"stroke_width\": 0, \"stroke_opacity\": 1, \"stroke_dasharray\": \"\"}, {\"x\": 3887.391357421875, \"y\": 7.4599609375, \"fill\": \"#f2a9ba\", \"rect\": {\"rx\": 0, \"ry\": 0}, \"type\": \"shape\", \"angle\": 0, \"fixed\": false, \"image\": null, \"shape\": \"circle\", \"width\": 1288.320556640625, \"height\": 1003.017822265625, \"stroke\": \"\", \"display\": true, \"is_fill\": true, \"is_stroke\": true, \"fill_opacity\": 1, \"stroke_width\": 0, \"stroke_opacity\": 1, \"stroke_dasharray\": \"\"}, {\"x\": 4051.479736328125, \"y\": 860.3663940429688, \"fill\": \"#f2a9ba\", \"rect\": {\"rx\": 0, \"ry\": 0}, \"type\": \"shape\", \"angle\": 0, \"fixed\": false, \"image\": null, \"shape\": \"circle\", \"width\": 427.954345703125, \"height\": 0, \"stroke\": \"\", \"display\": true, \"is_fill\": true, \"is_stroke\": true, \"fill_opacity\": 1, \"stroke_width\": 0, \"stroke_opacity\": 1, \"stroke_dasharray\": \"\"}, {\"x\": 4022.30908203125, \"y\": 231.8085479736328, \"fill\": \"none\", \"rect\": {\"rx\": 0, \"ry\": 0}, \"type\": \"shape\", \"angle\": 0, \"fixed\": false, \"image\": null, \"shape\": \"rect\", \"width\": 639.89697265625, \"height\": 824.7035369873047, \"stroke\": \"white\", \"display\": true, \"is_fill\": true, \"is_stroke\": true, \"fill_opacity\": 1, \"stroke_width\": 10, \"stroke_opacity\": 1, \"stroke_dasharray\": \"\"}, {\"x\": 92.9026870727539, \"y\": 2750.497802734375, \"fill\": \"none\", \"rect\": {\"rx\": 0, \"ry\": 0}, \"type\": \"shape\", \"angle\": 0, \"fixed\": false, \"image\": null, \"shape\": \"rect\", \"width\": 708.7992782592773, \"height\": 592.89501953125, \"stroke\": \"white\", \"display\": true, \"is_fill\": true, \"is_stroke\": true, \"fill_opacity\": 1, \"stroke_width\": 10, \"stroke_opacity\": 1, \"stroke_dasharray\": \"\"}, {\"x\": 4238.71337890625, \"y\": 2238.423553466797, \"fill\": \"white\", \"rect\": {\"rx\": 0, \"ry\": 0}, \"type\": \"shape\", \"angle\": 0, \"fixed\": false, \"image\": null, \"shape\": \"circle\", \"width\": 982.0157470703124, \"height\": 1015.8835754394532, \"stroke\": \"\", \"display\": true, \"is_fill\": true, \"is_stroke\": true, \"fill_opacity\": 0.5, \"stroke_width\": 0, \"stroke_opacity\": 1, \"stroke_dasharray\": \"\"}, {\"x\": 1746.8519287109375, \"y\": 2589.267822265625, \"fill\": \"white\", \"rect\": {\"rx\": 0, \"ry\": 0}, \"type\": \"shape\", \"angle\": 0, \"fixed\": false, \"image\": null, \"shape\": \"rect\", \"width\": 757.8358154296875, \"height\": 633.015625, \"stroke\": \"\", \"display\": true, \"is_fill\": true, \"is_stroke\": true, \"fill_opacity\": 0.4, \"stroke_width\": 0, \"stroke_opacity\": 1, \"stroke_dasharray\": \"\"}]', 9, 0, 0, 0, 0);
INSERT INTO `pages` VALUES (13, 1, 0, 0, 2, '{\"image\": \"/upload/1/c0b36bba89a94829c3b8259d727431b3.jpg\"}', '[{\"x\": 1631.8055419921875, \"y\": 757.835693359375, \"fill\": \"#f2a9ba\", \"rect\": {\"rx\": 0, \"ry\": 0}, \"type\": \"shape\", \"angle\": 0, \"fixed\": false, \"shape\": \"circle\", \"width\": 87.1207275390625, \"height\": 97.57855224609376, \"stroke\": \"#f2a9ba\", \"display\": true, \"is_fill\": true, \"is_stroke\": true, \"fill_opacity\": 1, \"stroke_width\": 1, \"stroke_opacity\": 1, \"stroke_dasharray\": \"\"}, {\"x\": 1731.8055419921875, \"y\": 857.835693359375, \"fill\": \"#f2a9ba\", \"rect\": {\"rx\": 0, \"ry\": 0}, \"type\": \"shape\", \"angle\": 0, \"fixed\": false, \"shape\": \"circle\", \"width\": 87.1207275390625, \"height\": 97.57855224609376, \"stroke\": \"#f2a9ba\", \"display\": true, \"is_fill\": true, \"is_stroke\": true, \"fill_opacity\": 1, \"stroke_width\": 1, \"stroke_opacity\": 1, \"stroke_dasharray\": \"\"}, {\"x\": 1831.8055419921875, \"y\": 957.835693359375, \"fill\": \"#f2a9ba\", \"rect\": {\"rx\": 0, \"ry\": 0}, \"type\": \"shape\", \"angle\": 0, \"fixed\": false, \"shape\": \"circle\", \"width\": 87.1207275390625, \"height\": 97.57855224609376, \"stroke\": \"#f2a9ba\", \"display\": true, \"is_fill\": true, \"is_stroke\": true, \"fill_opacity\": 1, \"stroke_width\": 1, \"stroke_opacity\": 1, \"stroke_dasharray\": \"\"}, {\"x\": 1931.8055419921875, \"y\": 1057.835693359375, \"fill\": \"#f2a9ba\", \"rect\": {\"rx\": 0, \"ry\": 0}, \"type\": \"shape\", \"angle\": 0, \"fixed\": false, \"shape\": \"circle\", \"width\": 87.1207275390625, \"height\": 97.57855224609376, \"stroke\": \"#f2a9ba\", \"display\": true, \"is_fill\": true, \"is_stroke\": true, \"fill_opacity\": 1, \"stroke_width\": 1, \"stroke_opacity\": 1, \"stroke_dasharray\": \"\"}, {\"x\": 2031.8055419921875, \"y\": 1157.835693359375, \"fill\": \"#f2a9ba\", \"rect\": {\"rx\": 0, \"ry\": 0}, \"type\": \"shape\", \"angle\": 0, \"fixed\": false, \"shape\": \"circle\", \"width\": 87.1207275390625, \"height\": 97.57855224609376, \"stroke\": \"#f2a9ba\", \"display\": true, \"is_fill\": true, \"is_stroke\": true, \"fill_opacity\": 1, \"stroke_width\": 1, \"stroke_opacity\": 1, \"stroke_dasharray\": \"\"}, {\"x\": 2131.8055419921875, \"y\": 1257.835693359375, \"fill\": \"#f2a9ba\", \"rect\": {\"rx\": 0, \"ry\": 0}, \"type\": \"shape\", \"angle\": 0, \"fixed\": false, \"shape\": \"circle\", \"width\": 87.1207275390625, \"height\": 97.57855224609376, \"stroke\": \"#f2a9ba\", \"display\": true, \"is_fill\": true, \"is_stroke\": true, \"fill_opacity\": 1, \"stroke_width\": 1, \"stroke_opacity\": 1, \"stroke_dasharray\": \"\"}, {\"x\": 2231.8055419921875, \"y\": 1357.835693359375, \"fill\": \"#f2a9ba\", \"rect\": {\"rx\": 0, \"ry\": 0}, \"type\": \"shape\", \"angle\": 0, \"fixed\": false, \"shape\": \"circle\", \"width\": 87.1207275390625, \"height\": 97.57855224609376, \"stroke\": \"#f2a9ba\", \"display\": true, \"is_fill\": true, \"is_stroke\": true, \"fill_opacity\": 1, \"stroke_width\": 1, \"stroke_opacity\": 1, \"stroke_dasharray\": \"\"}, {\"x\": 2331.8055419921875, \"y\": 1457.835693359375, \"fill\": \"#f2a9ba\", \"rect\": {\"rx\": 0, \"ry\": 0}, \"type\": \"shape\", \"angle\": 0, \"fixed\": true, \"shape\": \"circle\", \"width\": 87.1207275390625, \"height\": 97.57855224609376, \"stroke\": \"#f2a9ba\", \"display\": true, \"is_fill\": true, \"is_stroke\": true, \"fill_opacity\": 1, \"stroke_width\": 1, \"stroke_opacity\": 1, \"stroke_dasharray\": \"\"}, {\"x\": 2431.8055419921875, \"y\": 1557.835693359375, \"fill\": \"#f2a9ba\", \"rect\": {\"rx\": 0, \"ry\": 0}, \"type\": \"shape\", \"angle\": 0, \"fixed\": false, \"shape\": \"circle\", \"width\": 87.1207275390625, \"height\": 97.57855224609376, \"stroke\": \"#f2a9ba\", \"display\": true, \"is_fill\": true, \"is_stroke\": true, \"fill_opacity\": 1, \"stroke_width\": 1, \"stroke_opacity\": 1, \"stroke_dasharray\": \"\"}, {\"x\": 2531.8055419921875, \"y\": 1657.835693359375, \"fill\": \"#f2a9ba\", \"rect\": {\"rx\": 0, \"ry\": 0}, \"type\": \"shape\", \"angle\": 0, \"fixed\": false, \"shape\": \"circle\", \"width\": 87.1207275390625, \"height\": 97.57855224609376, \"stroke\": \"#f2a9ba\", \"display\": true, \"is_fill\": true, \"is_stroke\": true, \"fill_opacity\": 1, \"stroke_width\": 1, \"stroke_opacity\": 1, \"stroke_dasharray\": \"\"}, {\"x\": 2631.8055419921875, \"y\": 1757.835693359375, \"fill\": \"#f2a9ba\", \"rect\": {\"rx\": 0, \"ry\": 0}, \"type\": \"shape\", \"angle\": 0, \"fixed\": false, \"shape\": \"circle\", \"width\": 87.1207275390625, \"height\": 97.57855224609376, \"stroke\": \"#f2a9ba\", \"display\": true, \"is_fill\": true, \"is_stroke\": true, \"fill_opacity\": 1, \"stroke_width\": 1, \"stroke_opacity\": 1, \"stroke_dasharray\": \"\"}, {\"x\": 2731.8055419921875, \"y\": 1857.835693359375, \"fill\": \"#f2a9ba\", \"rect\": {\"rx\": 0, \"ry\": 0}, \"type\": \"shape\", \"angle\": 0, \"fixed\": false, \"shape\": \"circle\", \"width\": 87.1207275390625, \"height\": 97.57855224609376, \"stroke\": \"#f2a9ba\", \"display\": true, \"is_fill\": true, \"is_stroke\": true, \"fill_opacity\": 1, \"stroke_width\": 1, \"stroke_opacity\": 1, \"stroke_dasharray\": \"\"}, {\"x\": 2831.8055419921875, \"y\": 1957.835693359375, \"fill\": \"#f2a9ba\", \"rect\": {\"rx\": 0, \"ry\": 0}, \"type\": \"shape\", \"angle\": 0, \"fixed\": false, \"shape\": \"circle\", \"width\": 87.1207275390625, \"height\": 97.57855224609376, \"stroke\": \"#f2a9ba\", \"display\": true, \"is_fill\": true, \"is_stroke\": true, \"fill_opacity\": 1, \"stroke_width\": 1, \"stroke_opacity\": 1, \"stroke_dasharray\": \"\"}, {\"x\": 2931.8055419921875, \"y\": 2057.835693359375, \"fill\": \"#f2a9ba\", \"rect\": {\"rx\": 0, \"ry\": 0}, \"type\": \"shape\", \"angle\": 0, \"fixed\": false, \"shape\": \"circle\", \"width\": 87.1207275390625, \"height\": 97.57855224609376, \"stroke\": \"#f2a9ba\", \"display\": true, \"is_fill\": true, \"is_stroke\": true, \"fill_opacity\": 1, \"stroke_width\": 1, \"stroke_opacity\": 1, \"stroke_dasharray\": \"\"}, {\"x\": 3031.8055419921875, \"y\": 2157.835693359375, \"fill\": \"#f2a9ba\", \"rect\": {\"rx\": 0, \"ry\": 0}, \"type\": \"shape\", \"angle\": 0, \"fixed\": false, \"shape\": \"circle\", \"width\": 87.1207275390625, \"height\": 97.57855224609376, \"stroke\": \"#f2a9ba\", \"display\": true, \"is_fill\": true, \"is_stroke\": true, \"fill_opacity\": 1, \"stroke_width\": 1, \"stroke_opacity\": 1, \"stroke_dasharray\": \"\"}, {\"x\": 3131.8055419921875, \"y\": 2257.835693359375, \"fill\": \"#f2a9ba\", \"rect\": {\"rx\": 0, \"ry\": 0}, \"type\": \"shape\", \"angle\": 0, \"fixed\": false, \"shape\": \"circle\", \"width\": 87.1207275390625, \"height\": 97.57855224609376, \"stroke\": \"#f2a9ba\", \"display\": true, \"is_fill\": true, \"is_stroke\": true, \"fill_opacity\": 1, \"stroke_width\": 1, \"stroke_opacity\": 1, \"stroke_dasharray\": \"\"}, {\"x\": 3231.8055419921875, \"y\": 2357.835693359375, \"fill\": \"#f2a9ba\", \"rect\": {\"rx\": 0, \"ry\": 0}, \"type\": \"shape\", \"angle\": 0, \"fixed\": false, \"shape\": \"circle\", \"width\": 87.1207275390625, \"height\": 97.57855224609376, \"stroke\": \"#f2a9ba\", \"display\": true, \"is_fill\": true, \"is_stroke\": true, \"fill_opacity\": 1, \"stroke_width\": 1, \"stroke_opacity\": 1, \"stroke_dasharray\": \"\"}, {\"x\": 3247.8055419921875, \"y\": 2594.835693359375, \"fill\": \"#f2a9ba\", \"rect\": {\"rx\": 0, \"ry\": 0}, \"type\": \"shape\", \"angle\": 0, \"fixed\": false, \"shape\": \"circle\", \"width\": 87.1207275390625, \"height\": 97.57855224609376, \"stroke\": \"#f2a9ba\", \"display\": true, \"is_fill\": true, \"is_stroke\": true, \"fill_opacity\": 1, \"stroke_width\": 1, \"stroke_opacity\": 1, \"stroke_dasharray\": \"\"}, {\"x\": 3431.8055419921875, \"y\": 2557.835693359375, \"fill\": \"#f2a9ba\", \"rect\": {\"rx\": 0, \"ry\": 0}, \"type\": \"shape\", \"angle\": 0, \"fixed\": false, \"shape\": \"circle\", \"width\": 87.1207275390625, \"height\": 97.57855224609376, \"stroke\": \"#f2a9ba\", \"display\": true, \"is_fill\": true, \"is_stroke\": true, \"fill_opacity\": 1, \"stroke_width\": 1, \"stroke_opacity\": 1, \"stroke_dasharray\": \"\"}, {\"x\": 3531.8055419921875, \"y\": 2657.835693359375, \"fill\": \"#f2a9ba\", \"rect\": {\"rx\": 0, \"ry\": 0}, \"type\": \"shape\", \"angle\": 0, \"fixed\": true, \"shape\": \"circle\", \"width\": 87.1207275390625, \"height\": 97.57855224609376, \"stroke\": \"#f2a9ba\", \"display\": true, \"is_fill\": true, \"is_stroke\": true, \"fill_opacity\": 1, \"stroke_width\": 1, \"stroke_opacity\": 1, \"stroke_dasharray\": \"\"}, {\"x\": 3631.805541992187, \"y\": 2757.835693359375, \"fill\": \"#f2a9ba\", \"rect\": {\"rx\": 0, \"ry\": 0}, \"type\": \"shape\", \"angle\": 0, \"fixed\": false, \"shape\": \"circle\", \"width\": 87.1207275390625, \"height\": 97.57855224609376, \"stroke\": \"#f2a9ba\", \"display\": true, \"is_fill\": true, \"is_stroke\": true, \"fill_opacity\": 1, \"stroke_width\": 1, \"stroke_opacity\": 1, \"stroke_dasharray\": \"\"}, {\"x\": 3731.805541992187, \"y\": 2857.835693359375, \"fill\": \"#f2a9ba\", \"rect\": {\"rx\": 0, \"ry\": 0}, \"type\": \"shape\", \"angle\": 0, \"fixed\": false, \"shape\": \"circle\", \"width\": 87.1207275390625, \"height\": 97.57855224609376, \"stroke\": \"#f2a9ba\", \"display\": true, \"is_fill\": true, \"is_stroke\": true, \"fill_opacity\": 1, \"stroke_width\": 1, \"stroke_opacity\": 1, \"stroke_dasharray\": \"\"}, {\"x\": 3831.805541992187, \"y\": 2957.835693359375, \"fill\": \"#f2a9ba\", \"rect\": {\"rx\": 0, \"ry\": 0}, \"type\": \"shape\", \"angle\": 0, \"fixed\": false, \"shape\": \"circle\", \"width\": 87.1207275390625, \"height\": 97.57855224609376, \"stroke\": \"#f2a9ba\", \"display\": true, \"is_fill\": true, \"is_stroke\": true, \"fill_opacity\": 1, \"stroke_width\": 1, \"stroke_opacity\": 1, \"stroke_dasharray\": \"\"}, {\"x\": 3931.805541992187, \"y\": 3057.835693359375, \"fill\": \"#f2a9ba\", \"rect\": {\"rx\": 0, \"ry\": 0}, \"type\": \"shape\", \"angle\": 0, \"fixed\": false, \"shape\": \"circle\", \"width\": 87.1207275390625, \"height\": 97.57855224609376, \"stroke\": \"#f2a9ba\", \"display\": true, \"is_fill\": true, \"is_stroke\": true, \"fill_opacity\": 1, \"stroke_width\": 1, \"stroke_opacity\": 1, \"stroke_dasharray\": \"\"}, {\"x\": 4031.805541992187, \"y\": 3157.835693359375, \"fill\": \"#f2a9ba\", \"rect\": {\"rx\": 0, \"ry\": 0}, \"type\": \"shape\", \"angle\": 0, \"fixed\": false, \"shape\": \"circle\", \"width\": 87.1207275390625, \"height\": 97.57855224609376, \"stroke\": \"#f2a9ba\", \"display\": true, \"is_fill\": true, \"is_stroke\": true, \"fill_opacity\": 1, \"stroke_width\": 1, \"stroke_opacity\": 1, \"stroke_dasharray\": \"\"}, {\"x\": 4131.8055419921875, \"y\": 3257.835693359375, \"fill\": \"#f2a9ba\", \"rect\": {\"rx\": 0, \"ry\": 0}, \"type\": \"shape\", \"angle\": 0, \"fixed\": false, \"shape\": \"circle\", \"width\": 87.1207275390625, \"height\": 97.57855224609376, \"stroke\": \"#f2a9ba\", \"display\": true, \"is_fill\": true, \"is_stroke\": true, \"fill_opacity\": 1, \"stroke_width\": 1, \"stroke_opacity\": 1, \"stroke_dasharray\": \"\"}, {\"x\": 5357.8055419921875, \"y\": 1356.835693359375, \"fill\": \"#f2a9ba\", \"rect\": {\"rx\": 0, \"ry\": 0}, \"type\": \"shape\", \"angle\": 0, \"fixed\": false, \"shape\": \"circle\", \"width\": 87.1207275390625, \"height\": 97.57855224609376, \"stroke\": \"#f2a9ba\", \"display\": true, \"is_fill\": true, \"is_stroke\": true, \"fill_opacity\": 1, \"stroke_width\": 1, \"stroke_opacity\": 1, \"stroke_dasharray\": \"\"}, {\"x\": 148.29339599609375, \"y\": 1192.7327880859375, \"fill\": \"#f2a9ba\", \"rect\": {\"rx\": 0, \"ry\": 0}, \"type\": \"image\", \"angle\": 0, \"fixed\": false, \"image\": {\"x\": null, \"y\": null, \"url\": \"/upload/1/48c8f2cab878c0946e5879f959732894.jpg\", \"translate_x\": 0, \"translate_y\": 0, \"width_scale\": 1, \"height_scale\": 1}, \"shape\": \"rect\", \"width\": 1453.2614135742188, \"height\": 797.9564208984375, \"stroke\": \"#f2a9ba\", \"display\": true, \"is_fill\": false, \"is_stroke\": true, \"fill_opacity\": 1, \"stroke_width\": 1, \"stroke_opacity\": 1, \"stroke_dasharray\": \"\"}, {\"x\": 4969.77294921875, \"y\": 512.00634765625, \"fill\": \"#f2a9ba\", \"rect\": {\"rx\": 0, \"ry\": 0}, \"type\": \"image\", \"angle\": 0, \"fixed\": false, \"image\": {\"x\": null, \"y\": null, \"url\": \"/upload/1/5ba0c73c51a39b820a862a2b86207ae3.jpg\", \"translate_x\": 0, \"translate_y\": 0, \"width_scale\": 1, \"height_scale\": 1}, \"shape\": \"rect\", \"width\": 883.27392578125, \"height\": 517.3990478515625, \"stroke\": \"#f2a9ba\", \"display\": true, \"is_fill\": false, \"is_stroke\": true, \"fill_opacity\": 1, \"stroke_width\": 1, \"stroke_opacity\": 1, \"stroke_dasharray\": \"\"}]', 0, 0, 0, 0, 0);
INSERT INTO `pages` VALUES (14, 1, 2, 1, 2, '{\"image\": \"\"}', '[{\"x\": 143.4490966796875, \"y\": 3220.783546447754, \"fill\": \"#f2a9ba\", \"rect\": {\"rx\": 0, \"ry\": 0}, \"type\": \"shape\", \"angle\": 360, \"fixed\": false, \"image\": null, \"shape\": \"rect\", \"width\": 4731.0601806640625, \"height\": 73.1521224975586, \"stroke\": \"\", \"display\": true, \"is_fill\": true, \"is_stroke\": true, \"fill_opacity\": 1, \"stroke_width\": 0, \"stroke_opacity\": 1, \"stroke_dasharray\": \"\"}, {\"x\": 228.8673095703125, \"y\": 205.06138610839844, \"fill\": \"#f2a9ba\", \"rect\": {\"rx\": 0, \"ry\": 0}, \"type\": \"image\", \"angle\": 0, \"fixed\": false, \"image\": {\"url\": \"/upload/1/618f36910ff79516e93ce724dfbfb9e9.jpg\", \"translate_x\": 0, \"translate_y\": 0, \"width_scale\": 1, \"height_scale\": 1}, \"shape\": \"rect\", \"width\": 1078.8013916015625, \"height\": 1114.4642486572266, \"stroke\": \"#f2a9ba\", \"display\": true, \"is_fill\": false, \"is_stroke\": false, \"fill_opacity\": 1, \"stroke_width\": 1, \"stroke_opacity\": 1, \"stroke_dasharray\": \"\"}, {\"x\": 1364.825927734375, \"y\": 213.97711181640625, \"fill\": \"#f2a9ba\", \"rect\": {\"rx\": 0, \"ry\": 0}, \"type\": \"image\", \"angle\": 0, \"fixed\": false, \"image\": {\"url\": \"/upload/1/c0b36bba89a94829c3b8259d727431b3.jpg\", \"translate_x\": 0, \"translate_y\": 0, \"width_scale\": 1, \"height_scale\": 1}, \"shape\": \"rect\", \"width\": 1052.51220703125, \"height\": 1104.1749877929688, \"stroke\": \"#f2a9ba\", \"display\": true, \"is_fill\": false, \"is_stroke\": true, \"fill_opacity\": 1, \"stroke_width\": 10, \"stroke_opacity\": 1, \"stroke_dasharray\": \"\"}, {\"x\": 2639.825927734375, \"y\": 217.97711181640625, \"fill\": \"#f2a9ba\", \"rect\": {\"rx\": 0, \"ry\": 0}, \"type\": \"image\", \"angle\": 0, \"fixed\": false, \"image\": {\"url\": \"/upload/1/e1a2d328fe022a50bb2ca3db83af364d.jpg\", \"translate_x\": 0, \"translate_y\": 0, \"width_scale\": 1, \"height_scale\": 1}, \"shape\": \"rect\", \"width\": 1052.51220703125, \"height\": 1104.1749877929688, \"stroke\": \"#f2a9ba\", \"display\": true, \"is_fill\": false, \"is_stroke\": true, \"fill_opacity\": 1, \"stroke_width\": 10, \"stroke_opacity\": 1, \"stroke_dasharray\": \"\"}, {\"x\": 3835.825927734375, \"y\": 220.97711181640625, \"fill\": \"#f2a9ba\", \"rect\": {\"rx\": 0, \"ry\": 0}, \"type\": \"image\", \"angle\": 0, \"fixed\": false, \"image\": {\"url\": \"/upload/1/82140e536ea7cab3c523ce11cd818a0e.jpg\", \"translate_x\": 0, \"translate_y\": 0, \"width_scale\": 1, \"height_scale\": 1}, \"shape\": \"rect\", \"width\": 1052.51220703125, \"height\": 1104.1749877929688, \"stroke\": \"#f2a9ba\", \"display\": true, \"is_fill\": false, \"is_stroke\": true, \"fill_opacity\": 1, \"stroke_width\": 10, \"stroke_opacity\": 1, \"stroke_dasharray\": \"\"}, {\"x\": 251.825927734375, \"y\": 1442.9771118164062, \"fill\": \"#f2a9ba\", \"rect\": {\"rx\": 0, \"ry\": 0}, \"type\": \"image\", \"angle\": 0, \"fixed\": false, \"image\": {\"url\": \"/upload/1/89b73ef3fee9908447c5ad94b3f03e9a.jpg\", \"translate_x\": 0, \"translate_y\": 0, \"width_scale\": 1, \"height_scale\": 1}, \"shape\": \"rect\", \"width\": 2165.51220703125, \"height\": 1703.1749877929688, \"stroke\": \"#f2a9ba\", \"display\": true, \"is_fill\": false, \"is_stroke\": true, \"fill_opacity\": 1, \"stroke_width\": 10, \"stroke_opacity\": 1, \"stroke_dasharray\": \"\"}, {\"x\": 2627.825927734375, \"y\": 1446.9771118164062, \"fill\": \"#f2a9ba\", \"rect\": {\"rx\": 0, \"ry\": 0}, \"type\": \"image\", \"angle\": 0, \"fixed\": false, \"image\": {\"url\": \"/upload/1/9994c1710cc9730f2cfbe18d752ab31c.jpg\", \"translate_x\": 0, \"translate_y\": 0, \"width_scale\": 1, \"height_scale\": 1}, \"shape\": \"rect\", \"width\": 2243.51220703125, \"height\": 1691.1749877929688, \"stroke\": \"#f2a9ba\", \"display\": true, \"is_fill\": false, \"is_stroke\": true, \"fill_opacity\": 1, \"stroke_width\": 10, \"stroke_opacity\": 1, \"stroke_dasharray\": \"\"}]', 10, 0, 0, 0, 0);
INSERT INTO `pages` VALUES (15, 1, 2, 1, 2, '{\"image\": \"/upload/1/baf1d58c53144596fd347e7090b6f3bb.jpg\"}', '[]', 11, 0, 0, 0, 0);
INSERT INTO `pages` VALUES (17, 3, 2, 1, 2, '{\"image\": \"\"}', '[{\"x\": 60.582618713378906, \"y\": 76.55118560791016, \"fill\": \"#f2a9ba\", \"rect\": {\"rx\": 0, \"ry\": 0}, \"type\": \"shape\", \"angle\": 0, \"fixed\": true, \"shape\": \"rect\", \"width\": 4122.047264099121, \"height\": 2850.39363861084, \"stroke\": \"#f2a9ba\", \"display\": true, \"is_fill\": false, \"is_stroke\": true, \"fill_opacity\": 1, \"stroke_width\": 10, \"stroke_opacity\": 1, \"stroke_dasharray\": \"\"}, {\"x\": 214.75584411621097, \"y\": 224.2834625244141, \"fill\": \"#f2a9ba\", \"rect\": {\"rx\": 0, \"ry\": 0}, \"type\": \"shape\", \"angle\": 0, \"fixed\": false, \"shape\": \"rect\", \"width\": 1818.897720336914, \"height\": 1047.244125366211, \"stroke\": \"#f2a9ba\", \"display\": true, \"is_fill\": true, \"is_stroke\": true, \"fill_opacity\": 1, \"stroke_width\": 1, \"stroke_opacity\": 1, \"stroke_dasharray\": \"\"}]', 0, 0, 0, 0, 0);
INSERT INTO `pages` VALUES (18, 3, 1, 0, 2, '{\"image\": \"\"}', '[{\"x\": 95.96841430664062, \"y\": 86.9842529296875, \"fill\": \"#f2a9ba\", \"rect\": {\"rx\": 0, \"ry\": 0}, \"type\": \"shape\", \"angle\": 0, \"fixed\": false, \"shape\": \"rect\", \"width\": 235.2598571777344, \"height\": 2844.708740234375, \"stroke\": \"#ff8080\", \"display\": true, \"is_fill\": false, \"is_stroke\": true, \"fill_opacity\": 1, \"stroke_width\": 50, \"stroke_opacity\": 1, \"stroke_dasharray\": \"20\"}, {\"x\": 2611.05517578125, \"y\": 748.653564453125, \"fill\": \"#f2a9ba\", \"rect\": {\"rx\": 0, \"ry\": 0}, \"type\": \"image\", \"angle\": 0, \"fixed\": false, \"image\": {\"x\": -98, \"y\": 328, \"url\": \"/upload/3/080f407a9316f959f7607775883d62d6.jpg\", \"translate_x\": 150, \"translate_y\": -14, \"width_scale\": 1, \"height_scale\": 1}, \"shape\": \"circle\", \"width\": 1334.6455078125, \"height\": 1059.05517578125, \"stroke\": \"#ffffff\", \"display\": true, \"is_fill\": false, \"is_stroke\": true, \"fill_opacity\": 1, \"stroke_width\": 50, \"stroke_opacity\": 1, \"stroke_dasharray\": \"\"}, {\"x\": -1112.0775756835938, \"y\": 1413.3711547851562, \"fill\": \"#f2a9ba\", \"rect\": {\"rx\": 0, \"ry\": 0}, \"type\": \"image\", \"angle\": 0, \"fixed\": false, \"image\": {\"x\": null, \"y\": null, \"url\": \"/upload/3/65e7c61cf112c458ef5c07a91ed3a66b.jpg\", \"height\": null, \"translate_x\": 0, \"translate_y\": 0, \"width_scale\": 6, \"height_scale\": 1}, \"shape\": \"rect\", \"width\": 501.18218994140625, \"height\": 1348.3058471679688, \"stroke\": \"#f2a9ba\", \"display\": true, \"is_fill\": false, \"is_stroke\": true, \"fill_opacity\": 1, \"stroke_width\": 1, \"stroke_opacity\": 1, \"stroke_dasharray\": \"\"}]', 0, 0, 0, 0, 0);
INSERT INTO `pages` VALUES (19, 1, 2, 1, 2, '{\"image\": \"\"}', '[]', 12, 0, 0, 0, 0);
INSERT INTO `pages` VALUES (20, 1, 2, 1, 2, '{\"image\": \"\"}', '[]', 13, 0, 0, 0, 0);
INSERT INTO `pages` VALUES (21, 1, 2, 1, 2, '{\"image\": \"\"}', '[]', 14, 0, 0, 0, 0);
INSERT INTO `pages` VALUES (22, 4, 0, 0, 2, '{\"image\": \"\"}', '[{\"x\": 3703.360595703125, \"y\": 212.6170959472656, \"fill\": \"#f2a9ba\", \"rect\": {\"rx\": 0, \"ry\": 0}, \"type\": \"image\", \"angle\": 0, \"fixed\": false, \"image\": {\"x\": null, \"y\": null, \"url\": \"/upload/4/89792cecc9fe75bf3e0230adc8f24256.jpg\", \"translate_x\": 0, \"translate_y\": 0, \"width_scale\": 1, \"height_scale\": 1}, \"shape\": \"rect\", \"width\": 2763.871337890625, \"height\": 2786.1607360839844, \"stroke\": \"#f2a9ba\", \"display\": true, \"is_fill\": false, \"is_stroke\": true, \"fill_opacity\": 1, \"stroke_width\": 1, \"stroke_opacity\": 1, \"stroke_dasharray\": \"\"}, {\"x\": 187.4597930908203, \"y\": 200.60353088378903, \"fill\": \"#f2a9ba\", \"rect\": {\"rx\": 0, \"ry\": 0}, \"type\": \"image\", \"angle\": 0, \"fixed\": false, \"image\": {\"url\": \"/upload/4/36112d672ebf9967f72dd61f267ca48b.jpg\", \"translate_x\": 0, \"translate_y\": 0, \"width_scale\": 1, \"height_scale\": 1}, \"shape\": \"rect\", \"width\": 2914.2699432373047, \"height\": 2954.992172241211, \"stroke\": \"#f2a9ba\", \"display\": true, \"is_fill\": false, \"is_stroke\": true, \"fill_opacity\": 1, \"stroke_width\": 1, \"stroke_opacity\": 1, \"stroke_dasharray\": \"\"}]', 0, 0, 0, 0, 0);
INSERT INTO `pages` VALUES (23, 4, 1, 0, 2, '{\"image\": \"/upload/4/e10c71fe17fc29c6d409542ca385fa0c.png\"}', '[{\"x\": 628.251220703125, \"y\": 912.5235595703124, \"fill\": \"#f2a9ba\", \"rect\": {\"rx\": 0, \"ry\": 0}, \"type\": \"image\", \"angle\": 0, \"fixed\": false, \"image\": {\"url\": \"/upload/4/f7a0b0dd73964e9f2f7ca532a3f042fb.jpg\", \"translate_x\": -300, \"translate_y\": -600, \"width_scale\": 1.5, \"height_scale\": 1.5}, \"shape\": \"circle\", \"width\": 1524.587158203125, \"height\": 1729.6485595703125, \"stroke\": \"#f2a9ba\", \"display\": true, \"is_fill\": false, \"is_stroke\": true, \"fill_opacity\": 1, \"stroke_width\": 60, \"stroke_opacity\": 1, \"stroke_dasharray\": \"50 10\"}]', 0, 0, 0, 0, 0);
INSERT INTO `pages` VALUES (24, 3, 2, 2, 2, '{\"image\": \"\"}', '[{\"x\": 358.9669494628906, \"y\": 931.9312133789062, \"fill\": \"#f2a9ba\", \"rect\": {\"rx\": 0, \"ry\": 0}, \"type\": \"shape\", \"angle\": 0, \"fixed\": false, \"shape\": \"rect\", \"width\": 2076.8753356933594, \"height\": 1464.4633178710938, \"stroke\": \"#f2a9ba\", \"display\": true, \"is_fill\": true, \"is_stroke\": true, \"fill_opacity\": 1, \"stroke_width\": 10, \"stroke_opacity\": 1, \"stroke_dasharray\": \"\"}, {\"x\": 265.7738342285156, \"y\": 625.7252197265625, \"fill\": \"#f2a9ba\", \"rect\": {\"rx\": 0, \"ry\": 0}, \"type\": \"shape\", \"angle\": 0, \"fixed\": false, \"shape\": \"rect\", \"width\": 1171.5706481933594, \"height\": 1411.210205078125, \"stroke\": \"#f2a9ba\", \"display\": true, \"is_fill\": true, \"is_stroke\": true, \"fill_opacity\": 1, \"stroke_width\": 10, \"stroke_opacity\": 1, \"stroke_dasharray\": \"\"}]', 1, 0, 0, 0, 0);
INSERT INTO `pages` VALUES (25, 5, 1, 0, 2, '{\"image\": \"\"}', '[]', 0, 0, 0, 0, 0);
INSERT INTO `pages` VALUES (26, 4, 2, 1, 2, '{\"image\": \"/upload/4/bb9745c65d9bff3b7b9133409f17ecda.png\"}', '[{\"x\": 3019.48583984375, \"y\": 619.64208984375, \"fill\": \"#ff00ff\", \"rect\": {\"rx\": 0, \"ry\": 0}, \"type\": \"image\", \"angle\": 0, \"fixed\": false, \"image\": {\"url\": \"/upload/4/e07b567024cce9934a82f77c515879e3.jpg\", \"translate_x\": 0, \"translate_y\": 0, \"width_scale\": 1, \"height_scale\": 1}, \"shape\": \"rect\", \"width\": 1640.49169921875, \"height\": 2220.012939453125, \"stroke\": \"#f2a9ba\", \"display\": true, \"is_fill\": false, \"is_stroke\": true, \"fill_opacity\": 1, \"stroke_width\": 1, \"stroke_opacity\": 1, \"stroke_dasharray\": \"\"}, {\"x\": 908.7373046875, \"y\": 1477.4664306640625, \"fill\": \"#f2a9ba\", \"rect\": {\"rx\": 0, \"ry\": 0}, \"type\": \"image\", \"angle\": 0, \"fixed\": false, \"image\": {\"x\": null, \"y\": null, \"url\": \"/upload/4/f7a0b0dd73964e9f2f7ca532a3f042fb.jpg\", \"translate_x\": 0, \"translate_y\": 0, \"width_scale\": 1, \"height_scale\": 1}, \"shape\": \"rect\", \"width\": 986.8992919921876, \"height\": 918.2706298828124, \"stroke\": \"#f2a9ba\", \"display\": true, \"is_fill\": false, \"is_stroke\": true, \"fill_opacity\": 1, \"stroke_width\": 100, \"stroke_opacity\": 1, \"stroke_dasharray\": \"50 10\"}]', 0, 0, 0, 0, 0);
INSERT INTO `pages` VALUES (27, 4, 2, 1, 2, '{\"image\": \"/upload/4/5ff80fd2fc59bed96deaa684412e5cb6.png\"}', '[{\"x\": 2665.028076171875, \"y\": 3203.086395263672, \"fill\": \"#f2a9ba\", \"rect\": {\"rx\": 0, \"ry\": 0}, \"type\": \"shape\", \"angle\": 0, \"fixed\": false, \"shape\": \"circle\", \"width\": 191.687744140625, \"height\": 169.39859008789062, \"stroke\": \"#f2a9ba\", \"display\": true, \"is_fill\": true, \"is_stroke\": true, \"fill_opacity\": 1, \"stroke_width\": 1, \"stroke_opacity\": 1, \"stroke_dasharray\": \"\"}, {\"x\": 2756.472412109375, \"y\": 829.161376953125, \"fill\": \"#f2a9ba\", \"rect\": {\"rx\": 0, \"ry\": 0}, \"type\": \"image\", \"angle\": 0, \"fixed\": false, \"image\": {\"url\": \"/upload/4/d809ebf91f51c9bd4ebb4ead8ce3dad9.jpg\", \"translate_x\": 0, \"translate_y\": 0, \"width_scale\": 1, \"height_scale\": 1}, \"shape\": \"rect\", \"width\": 2014.951416015625, \"height\": 2260.133544921875, \"stroke\": \"#f2a9ba\", \"display\": true, \"is_fill\": false, \"is_stroke\": true, \"fill_opacity\": 1, \"stroke_width\": 100, \"stroke_opacity\": 1, \"stroke_dasharray\": \"50 10 20 30 90 30\"}, {\"x\": 205.73516845703125, \"y\": 124.653564453125, \"fill\": \"#f2a9ba\", \"rect\": {\"rx\": 0, \"ry\": 0}, \"type\": \"shape\", \"angle\": 0, \"fixed\": true, \"shape\": \"circle\", \"width\": 735.5464477539062, \"height\": 641.931396484375, \"stroke\": \"#f2a9ba\", \"display\": true, \"is_fill\": true, \"is_stroke\": true, \"fill_opacity\": 1, \"stroke_width\": 1, \"stroke_opacity\": 1, \"stroke_dasharray\": \"\"}, {\"x\": 4744.028076171875, \"y\": 542.0863952636719, \"fill\": \"#f2a9ba\", \"rect\": {\"rx\": 0, \"ry\": 0}, \"type\": \"shape\", \"angle\": 0, \"fixed\": false, \"shape\": \"circle\", \"width\": 191.687744140625, \"height\": 169.39859008789062, \"stroke\": \"#f2a9ba\", \"display\": true, \"is_fill\": true, \"is_stroke\": true, \"fill_opacity\": 1, \"stroke_width\": 1, \"stroke_opacity\": 1, \"stroke_dasharray\": \"\"}]', 1, 0, 0, 0, 0);
INSERT INTO `pages` VALUES (28, 4, 2, 1, 2, '{\"image\": \"\"}', '[{\"x\": -661.4219818115234, \"y\": 2782.530029296875, \"fill\": \"#f2a9ba\", \"rect\": {\"rx\": 0, \"ry\": 0}, \"type\": \"shape\", \"angle\": 46, \"fixed\": true, \"shape\": \"rect\", \"width\": 1368.5621185302734, \"height\": 1216.994873046875, \"stroke\": \"#f2a9ba\", \"display\": true, \"is_fill\": true, \"is_stroke\": true, \"fill_opacity\": 1, \"stroke_width\": 1, \"stroke_opacity\": 1, \"stroke_dasharray\": \"\"}, {\"x\": 4560.426513671875, \"y\": -483.3829040527344, \"fill\": \"#f2a9ba\", \"rect\": {\"rx\": 0, \"ry\": 0}, \"type\": \"shape\", \"angle\": 45, \"fixed\": true, \"shape\": \"rect\", \"width\": 926.824462890625, \"height\": 905.7879333496094, \"stroke\": \"#f2a9ba\", \"display\": true, \"is_fill\": true, \"is_stroke\": true, \"fill_opacity\": 1, \"stroke_width\": 1, \"stroke_opacity\": 1, \"stroke_dasharray\": \"\"}, {\"x\": 2833.292236328125, \"y\": 314.6399688720703, \"fill\": \"#f2a9ba\", \"rect\": {\"rx\": 0, \"ry\": 0}, \"type\": \"shape\", \"angle\": 0, \"fixed\": true, \"shape\": \"rect\", \"width\": 1992.662353515625, \"height\": 2893.1493377685547, \"stroke\": \"#f2a9ba\", \"display\": true, \"is_fill\": false, \"is_stroke\": true, \"fill_opacity\": 1, \"stroke_width\": 100, \"stroke_opacity\": 1, \"stroke_dasharray\": \"\"}, {\"x\": 371.45947265625, \"y\": 323.54638671875, \"fill\": \"#f2a9ba\", \"rect\": {\"rx\": 0, \"ry\": 0}, \"type\": \"shape\", \"angle\": 0, \"fixed\": false, \"shape\": \"circle\", \"width\": 1836.63720703125, \"height\": 1555.792236328125, \"stroke\": \"#f2a9ba\", \"display\": true, \"is_fill\": false, \"is_stroke\": true, \"fill_opacity\": 1, \"stroke_width\": 100, \"stroke_opacity\": 1, \"stroke_dasharray\": \"\"}, {\"x\": 955.498046875, \"y\": 2126.39794921875, \"fill\": \"#f2a9ba\", \"rect\": {\"rx\": 0, \"ry\": 0}, \"type\": \"shape\", \"angle\": 0, \"fixed\": false, \"shape\": \"rect\", \"width\": 725.065673828125, \"height\": 703.027099609375, \"stroke\": \"#f2a9ba\", \"display\": true, \"is_fill\": true, \"is_stroke\": true, \"fill_opacity\": 1, \"stroke_width\": 1, \"stroke_opacity\": 1, \"stroke_dasharray\": \"\"}]', 2, 0, 0, 0, 0);
INSERT INTO `pages` VALUES (29, 6, 1, 0, 2, '{\"image\": \"\"}', '[{\"x\": 3011.21630859375, \"y\": 161.220703125, \"fill\": \"#f2a9ba\", \"rect\": {\"rx\": 0, \"ry\": 0}, \"type\": \"image\", \"angle\": 0, \"fixed\": false, \"image\": {\"url\": \"/upload/6/24da4eb4e1e44f2cc3df1e3cd930775d.jpg\", \"translate_x\": 0, \"translate_y\": 0, \"width_scale\": 1, \"height_scale\": 1}, \"shape\": \"rect\", \"width\": 2211.09716796875, \"height\": 3094.014892578125, \"stroke\": \"#f2a9ba\", \"display\": true, \"is_fill\": false, \"is_stroke\": true, \"fill_opacity\": 1, \"stroke_width\": 1, \"stroke_opacity\": 1, \"stroke_dasharray\": \"\"}]', 0, 0, 0, 0, 0);
INSERT INTO `pages` VALUES (30, 6, 2, 1, 2, '{\"image\": \"/upload/6/47f98b0e7bb6d14e286be52c9c11da7d.jpg\"}', '[{\"x\": 43.90374755859375, \"y\": 1983.5556640625, \"fill\": \"#f2a9ba\", \"rect\": {\"rx\": 0, \"ry\": 0}, \"type\": \"image\", \"angle\": 0, \"fixed\": false, \"image\": {\"x\": -2744, \"y\": 962, \"url\": \"/upload/6/5299f4fddb1b7ddf167461aec9814d68.jpg\", \"translate_x\": 0, \"translate_y\": 0, \"width_scale\": 1, \"height_scale\": 1}, \"shape\": \"rect\", \"width\": 1970.3728637695312, \"height\": 1399.7672119140625, \"stroke\": \"#f2a9ba\", \"display\": true, \"is_fill\": false, \"is_stroke\": true, \"fill_opacity\": 1, \"stroke_width\": 100, \"stroke_opacity\": 0.5, \"stroke_dasharray\": \"\"}, {\"x\": 4352.59521484375, \"y\": -492.6493225097656, \"fill\": \"#f2a9ba\", \"rect\": {\"rx\": 0, \"ry\": 0}, \"type\": \"shape\", \"angle\": 45, \"fixed\": true, \"shape\": \"rect\", \"width\": 1270.4892578125, \"height\": 1038.680694580078, \"stroke\": \"#f2a9ba\", \"display\": true, \"is_fill\": true, \"is_stroke\": true, \"fill_opacity\": 1, \"stroke_width\": 1, \"stroke_opacity\": 1, \"stroke_dasharray\": \"\"}, {\"x\": 199.233154296875, \"y\": 228.113525390625, \"fill\": \"#0000ff\", \"rect\": {\"rx\": 0, \"ry\": 0}, \"type\": \"image\", \"angle\": 38, \"fixed\": false, \"image\": {\"x\": 4, \"y\": -778, \"url\": \"/upload/6/5299f4fddb1b7ddf167461aec9814d68.jpg\", \"translate_x\": 0, \"translate_y\": 0, \"width_scale\": 1, \"height_scale\": 1}, \"shape\": \"circle\", \"width\": 1203.621337890625, \"height\": 1216.9951171875, \"stroke\": \"#f2a9ba\", \"display\": true, \"is_fill\": false, \"is_stroke\": true, \"fill_opacity\": 1, \"stroke_width\": 100, \"stroke_opacity\": 0.5, \"stroke_dasharray\": \"20 2 10 30\"}, {\"x\": 3953.078125, \"y\": 2518.133544921875, \"fill\": \"#ff0080\", \"rect\": {\"rx\": 0, \"ry\": 0}, \"type\": \"image\", \"angle\": 0, \"fixed\": false, \"image\": {\"x\": null, \"y\": null, \"url\": \"/upload/6/a3a65fc59647d1b8d2b647f04b6c2d01.jpg\", \"translate_x\": 0, \"translate_y\": 0, \"width_scale\": 1, \"height_scale\": 1}, \"shape\": \"circle\", \"width\": 1199.16357421875, \"height\": 864.82421875, \"stroke\": \"#ff0080\", \"display\": true, \"is_fill\": false, \"is_stroke\": true, \"fill_opacity\": 0.5, \"stroke_width\": 100, \"stroke_opacity\": 0.5, \"stroke_dasharray\": \"\"}, {\"x\": 3789.9008520507814, \"y\": 34.81066213724057, \"fill\": \"#ff0080\", \"rect\": {\"rx\": 0, \"ry\": 0}, \"type\": \"shape\", \"angle\": 0, \"fixed\": false, \"shape\": \"circle\", \"width\": 1595.9129638671875, \"height\": 811.330078125, \"stroke\": \"#ff0080\", \"display\": true, \"is_fill\": true, \"is_stroke\": true, \"fill_opacity\": 0.2, \"stroke_width\": 1, \"stroke_opacity\": 1, \"stroke_dasharray\": \"\"}]', 0, 0, 0, 0, 0);
INSERT INTO `pages` VALUES (31, 6, 2, 1, 2, '{\"image\": \"\"}', '[]', 1, 0, 0, 0, 0);
INSERT INTO `pages` VALUES (32, 6, 2, 1, 2, '{\"image\": \"\"}', '[]', 2, 0, 0, 0, 0);
INSERT INTO `pages` VALUES (33, 6, 2, 1, 2, '{\"image\": \"\"}', '[]', 3, 0, 0, 0, 0);
INSERT INTO `pages` VALUES (34, 6, 2, 1, 2, '{\"image\": \"\"}', '[]', 4, 0, 0, 0, 0);
INSERT INTO `pages` VALUES (35, 6, 2, 1, 2, '{\"image\": \"\"}', '[]', 5, 0, 0, 0, 0);
INSERT INTO `pages` VALUES (36, 6, 2, 1, 2, '{\"image\": \"\"}', '[]', 6, 0, 0, 0, 0);
INSERT INTO `pages` VALUES (37, 6, 2, 1, 2, '{\"image\": \"\"}', '[]', 7, 0, 0, 0, 0);
INSERT INTO `pages` VALUES (38, 6, 2, 1, 2, '{\"image\": \"\"}', '[]', 8, 0, 0, 0, 0);
INSERT INTO `pages` VALUES (39, 6, 2, 1, 2, '{\"image\": \"\"}', '[]', 9, 0, 0, 0, 0);

SET FOREIGN_KEY_CHECKS = 1;
