/*
 Navicat Premium Data Transfer

 Source Server         : localhost
 Source Server Type    : MySQL
 Source Server Version : 80012
 Source Host           : 127.0.0.1:3306
 Source Schema         : book

 Target Server Type    : MySQL
 Target Server Version : 80012
 File Encoding         : 65001

 Date: 09/09/2019 09:31:00
*/

SET NAMES utf8mb4;
SET FOREIGN_KEY_CHECKS = 0;

-- ----------------------------
-- Table structure for basebooks
-- ----------------------------
DROP TABLE IF EXISTS `basebooks`;
CREATE TABLE `basebooks`  (
  `id` int(10) UNSIGNED NOT NULL AUTO_INCREMENT,
  `name` varchar(32) CHARACTER SET utf8mb4 COLLATE utf8mb4_general_ci NOT NULL COMMENT '显示名称',
  `show_spine` tinyint(10) NOT NULL DEFAULT 0 COMMENT '是否显示书脊',
  `double_page` tinyint(1) NOT NULL DEFAULT 0 COMMENT '双页连页',
  `description` varchar(255) CHARACTER SET utf8mb4 COLLATE utf8mb4_general_ci NOT NULL COMMENT '描述',
  `enable` tinyint(4) NOT NULL DEFAULT 1 COMMENT '是否有效',
  `sort` int(11) NOT NULL DEFAULT 0 COMMENT '排序',
  PRIMARY KEY (`id`) USING BTREE
) ENGINE = InnoDB CHARACTER SET = utf8mb4 COLLATE = utf8mb4_general_ci ROW_FORMAT = Dynamic;

-- ----------------------------
-- Records of basebooks
-- ----------------------------
INSERT INTO `basebooks` VALUES (1, 'A4照片书', 1, 0, '', 1, 0);
INSERT INTO `basebooks` VALUES (2, 'B5照片书', 0, 0, '', 1, 1);

-- ----------------------------
-- Table structure for basepages
-- ----------------------------
DROP TABLE IF EXISTS `basepages`;
CREATE TABLE `basepages`  (
  `basebook_id` int(11) NOT NULL,
  `page_type` tinyint(4) NOT NULL COMMENT '页面类型，0：护封，1：封面，2内容页',
  `name` varchar(32) CHARACTER SET utf8mb4 COLLATE utf8mb4_general_ci NOT NULL COMMENT '页面类型名称',
  `width` int(11) NOT NULL COMMENT '页面尺寸宽度，单位：毫米mm',
  `height` int(11) NOT NULL COMMENT '页面尺寸高度，单位：毫米mm',
  `bleed_top` int(255) NOT NULL COMMENT '出血线：上，单位：毫米',
  `bleed_right` int(255) NOT NULL COMMENT '出血线：右，单位：毫米',
  `bleed_bottom` int(255) NOT NULL COMMENT '出血线：下，单位：毫米',
  `bleed_left` int(255) NOT NULL COMMENT '出血线：左，单位：毫米',
  `single_page` tinyint(255) NOT NULL COMMENT '是否单页',
  `min_pages` int(255) NOT NULL COMMENT '最少页数',
  `max_pages` int(255) NOT NULL COMMENT '最多页数',
  `enable` tinyint(255) NOT NULL COMMENT '是否启用',
  `sort` int(255) NOT NULL COMMENT '排序',
  PRIMARY KEY (`page_type`, `basebook_id`) USING BTREE
) ENGINE = InnoDB CHARACTER SET = utf8mb4 COLLATE = utf8mb4_general_ci ROW_FORMAT = Dynamic;

-- ----------------------------
-- Records of basepages
-- ----------------------------
INSERT INTO `basepages` VALUES (1, 0, '护封', 576, 291, 3, 3, 3, 3, 0, 1, 1, 1, 0);
INSERT INTO `basepages` VALUES (1, 1, '封面', 456, 291, 3, 3, 3, 3, 0, 1, 1, 1, 1);
INSERT INTO `basepages` VALUES (2, 1, '封面', 374, 257, 3, 3, 3, 3, 0, 1, 1, 1, 1);
INSERT INTO `basepages` VALUES (1, 2, '内页', 426, 291, 3, 3, 3, 3, 0, 10, 20, 1, 2);
INSERT INTO `basepages` VALUES (2, 2, '内页', 364, 257, 3, 3, 3, 3, 0, 20, 40, 1, 2);

-- ----------------------------
-- Table structure for books
-- ----------------------------
DROP TABLE IF EXISTS `books`;
CREATE TABLE `books`  (
  `id` int(11) UNSIGNED NOT NULL AUTO_INCREMENT,
  `theme` int(11) NOT NULL COMMENT '模板id',
  `basebook_id` int(11) NOT NULL COMMENT 'basebook表外键',
  `name` varchar(32) CHARACTER SET utf8mb4 COLLATE utf8mb4_general_ci NOT NULL COMMENT '书名',
  `author` varchar(16) CHARACTER SET utf8mb4 COLLATE utf8mb4_general_ci NOT NULL COMMENT '作者',
  `show_page_num` tinyint(1) NOT NULL COMMENT '是否显示页码',
  `fascicule` int(11) NOT NULL COMMENT '分册：0不是分册，大于0：分册',
  `fascicule_type` tinyint(11) NOT NULL COMMENT '分册显示类型：0：汉字，1：阿拉伯数字，2：带圆圈阿拉伯数字，3：罗马数字',
  `created_at` timestamp(0) NOT NULL COMMENT '创建时间',
  `updated_at` timestamp(0) NOT NULL COMMENT '更新时间',
  PRIMARY KEY (`id`) USING BTREE
) ENGINE = InnoDB AUTO_INCREMENT = 5 CHARACTER SET = utf8mb4 COLLATE = utf8mb4_general_ci ROW_FORMAT = Dynamic;

-- ----------------------------
-- Records of books
-- ----------------------------
INSERT INTO `books` VALUES (1, 0, 1, '北京一日游', '污云', 1, 0, 0, '2019-08-16 18:23:26', '2019-08-16 18:23:30');
INSERT INTO `books` VALUES (2, 0, 1, '我的新书', '佚名', 1, 1, 1, '2019-09-05 10:28:26', '2019-09-05 10:28:26');
INSERT INTO `books` VALUES (3, 0, 2, '我们的青春', '刘海云', 1, 1, 3, '2019-09-05 14:45:35', '2019-09-05 14:45:35');
INSERT INTO `books` VALUES (4, 0, 1, '111', '222', 1, 0, 0, '2019-09-07 11:55:57', '2019-09-07 11:55:57');
INSERT INTO `books` VALUES (5, 0, 2, '旅行', '马鹤', 1, 0, 0, '2019-09-07 17:34:00', '2019-09-07 17:34:00');

-- ----------------------------
-- Table structure for images
-- ----------------------------
DROP TABLE IF EXISTS `images`;
CREATE TABLE `images`  (
  `id` int(11) NOT NULL AUTO_INCREMENT,
  `url` varchar(255) CHARACTER SET utf8mb4 COLLATE utf8mb4_general_ci NOT NULL COMMENT '图片路径',
  `name` varchar(32) CHARACTER SET utf8mb4 COLLATE utf8mb4_general_ci NOT NULL COMMENT '图片名',
  `mime` varchar(16) CHARACTER SET utf8mb4 COLLATE utf8mb4_general_ci NOT NULL COMMENT '扩展名',
  `size` int(11) NOT NULL COMMENT '大小byte，1kb=1024byte',
  `width` int(11) NOT NULL COMMENT '宽，像素',
  `height` int(11) NOT NULL COMMENT '高，像素',
  `book_id` int(11) NOT NULL DEFAULT 0,
  `user_id` int(11) NOT NULL DEFAULT 0,
  PRIMARY KEY (`id`) USING BTREE
) ENGINE = InnoDB AUTO_INCREMENT = 126 CHARACTER SET = utf8mb4 COLLATE = utf8mb4_general_ci ROW_FORMAT = Dynamic;

-- ----------------------------
-- Records of images
-- ----------------------------
INSERT INTO `images` VALUES (59, '/upload/1/baf1d58c53144596fd347e7090b6f3bb.jpg', '1', '.jpg', 435318, 0, 0, 1, 0);
INSERT INTO `images` VALUES (60, '/upload/1/618f36910ff79516e93ce724dfbfb9e9.jpg', '1a5248109814b0949ffe4a4897c244a9', '.jpg', 4562642, 0, 0, 1, 0);
INSERT INTO `images` VALUES (61, '/upload/1/7407caf0512ed3d32a5d1ad8df89683f.jpg', '1ff005790f4f1f8036df29db531b713b', '.jpg', 5206164, 0, 0, 1, 0);
INSERT INTO `images` VALUES (62, '/upload/1/c2e4dfd331c12f440ab5e332b8405e7c.jpg', '1ab0ce074bc664f0a0baf07d49d167f6', '.jpg', 5711129, 0, 0, 1, 0);
INSERT INTO `images` VALUES (63, '/upload/1/1c837f81be0b1d38daa515056c97c2ac.jpg', '0ba79cb4cbacad24c6609f39701d4c2d', '.jpg', 6060964, 0, 0, 1, 0);
INSERT INTO `images` VALUES (64, '/upload/1/e099b8d8681cfd79e868f1c80c2ecc7a.jpg', '2ee46a79b6ab259479a707a5138c8255', '.jpg', 1452379, 0, 0, 1, 0);
INSERT INTO `images` VALUES (65, '/upload/1/68601623ca48fe2dde7c7f47df23fd5a.jpg', '0dcb07d85a953786de8051fe0ca00168', '.jpg', 7395984, 0, 0, 1, 0);
INSERT INTO `images` VALUES (66, '/upload/1/5ed3c6439afb535c6a77973e134e3dba.jpg', '3b437f3378290111b7a9ad6a848c53f6', '.jpg', 1530474, 0, 0, 1, 0);
INSERT INTO `images` VALUES (67, '/upload/1/6c4944b19d35ba40e9286347e87700f6.jpg', '1b0907c44f1c1ea649792d36be806b60', '.jpg', 7852410, 0, 0, 1, 0);
INSERT INTO `images` VALUES (68, '/upload/1/c38adc39140fa700a5c8664338666db1.jpg', '05f76c62aaa840e0739314d7733caca1', '.jpg', 2525367, 0, 0, 1, 0);
INSERT INTO `images` VALUES (69, '/upload/1/b15c3f4f52082ace1894d0ef7acfc720.jpg', '5cc6cf055eea44ebe6ae93da3434f5d7', '.jpg', 3417246, 0, 0, 1, 0);
INSERT INTO `images` VALUES (70, '/upload/1/57a1efaeed90ccc7c0e27235326f28f6.jpg', '6c046e521fb737096143c369a567b8a5', '.jpg', 2384663, 0, 0, 1, 0);
INSERT INTO `images` VALUES (71, '/upload/1/3d11a1d75a730cb92286b9f0a77afa77.jpg', '7d13ae4280d390dcd3236729df442bc1', '.jpg', 2538568, 0, 0, 1, 0);
INSERT INTO `images` VALUES (72, '/upload/1/c0b36bba89a94829c3b8259d727431b3.jpg', '8cd72f5602695ae7544ee2a9f02baa45', '.jpg', 1000623, 0, 0, 1, 0);
INSERT INTO `images` VALUES (73, '/upload/1/77fa9d023cf92dfe2b713647fbe459fc.jpg', '8c576c953bb3e1fa726dc3259d0c143e', '.jpg', 3439366, 0, 0, 1, 0);
INSERT INTO `images` VALUES (74, '/upload/1/7d20e5eca05dafdee5ddecbbdf13e3a2.jpg', '7e3a8695831d508227315f4dc6f3efdd', '.jpg', 4414555, 0, 0, 1, 0);
INSERT INTO `images` VALUES (75, '/upload/1/5ba0c73c51a39b820a862a2b86207ae3.jpg', '8aa2118035fc8210137fd22f7955aa0c', '.jpg', 5386384, 0, 0, 1, 0);
INSERT INTO `images` VALUES (76, '/upload/1/8230c57b618dc8f2f3ca57c2cfead700.jpg', '8f9a19118cfd19abec03648d381184e5', '.jpg', 4684156, 0, 0, 1, 0);
INSERT INTO `images` VALUES (77, '/upload/1/f3f6416e301fd92ea5145ac643fcd11c.jpg', '41ea4827f142c1bcac00e092ed979cbb', '.jpg', 2649394, 0, 0, 1, 0);
INSERT INTO `images` VALUES (78, '/upload/1/90ee8ee24f14fffae97cef858c355a5e.jpg', '28c1122980ceefcf3861e7b878099c80', '.jpg', 3477117, 0, 0, 1, 0);
INSERT INTO `images` VALUES (79, '/upload/1/e944123caeabffa1f04547b50745e435.jpg', '16b8834cfebc0ff198be16723e580298', '.jpg', 4586173, 0, 0, 1, 0);
INSERT INTO `images` VALUES (80, '/upload/1/cdbac1381eb7f0079197f03d327f2935.jpg', '51cc5c56fcd101325014dc57618264ed', '.jpg', 1118681, 0, 0, 1, 0);
INSERT INTO `images` VALUES (81, '/upload/1/6bef7564d52aeb31d8e2627607147628.jpg', '9e41397dd0eb5943247c224ad3264e40', '.jpg', 7137132, 0, 0, 1, 0);
INSERT INTO `images` VALUES (82, '/upload/1/79c10f419bfafc27cca81a44fac481b8.jpg', '212bef234f800d5f11a4156ae4fa9121', '.jpg', 2228198, 0, 0, 1, 0);
INSERT INTO `images` VALUES (83, '/upload/1/a2dea380571619e57a0caf50b2535b5e.jpg', '95b99ce9f07a2f14858379ee51af4fa1', '.jpg', 3038139, 0, 0, 1, 0);
INSERT INTO `images` VALUES (84, '/upload/1/9994c1710cc9730f2cfbe18d752ab31c.jpg', '42c37b3101eb3ed194da3b738ecc14c2', '.jpg', 4867998, 0, 0, 1, 0);
INSERT INTO `images` VALUES (85, '/upload/1/e1a2d328fe022a50bb2ca3db83af364d.jpg', '684ccd00d25ff7a4bf4deaaebd84f2c2', '.jpg', 1968075, 0, 0, 1, 0);
INSERT INTO `images` VALUES (86, '/upload/1/2449379a3be01081490a781b667cf245.jpg', '660f4be1d07f57162fde9736d81de1ac', '.jpg', 3000720, 0, 0, 1, 0);
INSERT INTO `images` VALUES (87, '/upload/1/cd4d8781268e0742eec9f57b87f1fd5b.jpg', '223508e174b2c32842859b5174a2640a', '.jpg', 1139108, 0, 0, 1, 0);
INSERT INTO `images` VALUES (88, '/upload/1/41ea591a6d6b0c1cf433dc3f904050a4.jpg', '843ca2a85603e746ecf466ce199b0766', '.jpg', 2596082, 0, 0, 1, 0);
INSERT INTO `images` VALUES (89, '/upload/1/528b5b379a721d7e41d9a3f262314aea.jpg', 'a755746d88e41b504c29250f162b87f1', '.jpg', 1677513, 0, 0, 1, 0);
INSERT INTO `images` VALUES (90, '/upload/1/b956b2033d0fc93c1506a10cbb1a9986.jpg', 'a0e3ea13270e2212e1f3afd6a5f0165e', '.jpg', 3631744, 0, 0, 1, 0);
INSERT INTO `images` VALUES (91, '/upload/1/82140e536ea7cab3c523ce11cd818a0e.jpg', '499a12aa4d19fea5bb1a3f46c51a5e59', '.jpg', 8928465, 0, 0, 1, 0);
INSERT INTO `images` VALUES (92, '/upload/1/5358c0bcf88b2bc837dad3be31f0e63a.jpg', 'a1d900555d685af4771a08a8f44e09ed', '.jpg', 4078486, 0, 0, 1, 0);
INSERT INTO `images` VALUES (93, '/upload/1/12bbf18afc06d541834c1c2e832426b8.jpg', '3072a27ababc5490d15cd20b70f4ae55', '.jpg', 7605789, 0, 0, 1, 0);
INSERT INTO `images` VALUES (94, '/upload/1/09637b0e74a35e886d820e0269a8709c.jpg', '80440093fe43ea39aeb4fe9038f4514d', '.jpg', 7455186, 0, 0, 1, 0);
INSERT INTO `images` VALUES (95, '/upload/1/2bee76649632fc1a08a64a3fdf492d15.jpg', 'ab21f9c2a3e269cbc69c609f4ba8dd6a', '.jpg', 2434543, 0, 0, 1, 0);
INSERT INTO `images` VALUES (96, '/upload/1/2d024073b143e9ee676cda95f25a6218.jpg', 'ada917dfee89537a6ebda681422288fb', '.jpg', 2458936, 0, 0, 1, 0);
INSERT INTO `images` VALUES (97, '/upload/1/2adcb0aacf901281e9169fa64c337691.jpg', 'b413979040c884b5c73961ad1964f7f5', '.jpg', 1987855, 0, 0, 1, 0);
INSERT INTO `images` VALUES (98, '/upload/1/be6c33105406149f490b896a5b449b0e.jpg', 'ae74cba273f538bcdda75bd66d11e543', '.jpg', 4601955, 0, 0, 1, 0);
INSERT INTO `images` VALUES (99, '/upload/1/b08adb8b0147abf50f2d07afdc559aba.jpg', 'ba60472ef446483c0e3079916e7c8b1b', '.jpg', 3782504, 0, 0, 1, 0);
INSERT INTO `images` VALUES (100, '/upload/1/09fef9dc851dfa8f2c57f36e8d6c217b.jpg', 'c0f0c1d77881283872acf51ebceb4338', '.jpg', 3049857, 0, 0, 1, 0);
INSERT INTO `images` VALUES (101, '/upload/1/0def9d089c24f247fb4b2445ee0b151e.jpg', 'd05c72592580faf0da4faf5057d1fa1c', '.jpg', 3171103, 0, 0, 1, 0);
INSERT INTO `images` VALUES (102, '/upload/1/d44d9dd2c7bb90fcce6fcf5cdc54f277.jpg', 'c25ea183d3907b9599f53b705e879646', '.jpg', 4050639, 0, 0, 1, 0);
INSERT INTO `images` VALUES (103, '/upload/1/3414201a4d5dd986ef28de5fa1e74e75.jpg', 'c9bb1a1971525cf6bf12da432c3b3416', '.jpg', 5194764, 0, 0, 1, 0);
INSERT INTO `images` VALUES (104, '/upload/1/d5b4ca0f843861c1adc8b2911e97979a.jpg', 'dc3591c77573c04a6a394d80e45ee67e', '.jpg', 2036634, 0, 0, 1, 0);
INSERT INTO `images` VALUES (105, '/upload/1/ae5ac292d90d933bb9a2b0f32783325f.jpg', 'd892d3abfbbfdd0e6db475309696765b', '.jpg', 3944267, 0, 0, 1, 0);
INSERT INTO `images` VALUES (106, '/upload/1/b93df4cfc2b9368a8a342542a60e3f7e.jpg', 'e983f5bac4d563d34db6e7f0c7b80299', '.jpg', 2647554, 0, 0, 1, 0);
INSERT INTO `images` VALUES (107, '/upload/1/48c8f2cab878c0946e5879f959732894.jpg', 'f3ac3cbc7787d72d2e6c663ecb375578', '.jpg', 1591131, 0, 0, 1, 0);
INSERT INTO `images` VALUES (108, '/upload/1/8a4747e3105568be56b46874042252ca.jpg', 'fe4f9dea828673a8bdfa4b2c97741575', '.jpg', 451542, 0, 0, 1, 0);
INSERT INTO `images` VALUES (109, '/upload/1/e6cf8a8c034b932c06c6bca7a7e7883e.jpg', 'efa125e8d90a6dc6a0157238a5cbcfdb', '.jpg', 3269391, 0, 0, 1, 0);
INSERT INTO `images` VALUES (110, '/upload/1/6caa5141956ec28d5f34211c9ee5e40c.jpg', 'fd350335d61609e410e1e8e8bf4e7d13', '.jpg', 3266888, 0, 0, 1, 0);
INSERT INTO `images` VALUES (111, '/upload/1/3d9e9533b71b4d039aab071ab57852b6.jpg', 'ef4c70e9333f6bd3a7e34b986f1f2444', '.jpg', 5870173, 0, 0, 1, 0);
INSERT INTO `images` VALUES (112, '/upload/1/89b73ef3fee9908447c5ad94b3f03e9a.jpg', 'eb62a4a8a70ea6bbdcedb7d8a8773702', '.jpg', 6453504, 0, 0, 1, 0);
INSERT INTO `images` VALUES (113, '/upload/1/5311bb3889d7e13a00ff0482024f7ec9.jpg', 'f323365197f3548836c3fc411bf9f1a3', '.jpg', 6272265, 0, 0, 1, 0);
INSERT INTO `images` VALUES (114, '/upload/3/080f407a9316f959f7607775883d62d6.jpg', '333', '.jpg', 971119, 0, 0, 3, 0);
INSERT INTO `images` VALUES (115, '/upload/3/106abea71bb89f3312463bf847bbeab7.jpg', '333', '.jpg', 971119, 0, 0, 3, 0);
INSERT INTO `images` VALUES (116, '/upload/3/1478c26143b3a5d248aa30cbdfef5498.jpg', '333', '.jpg', 971119, 0, 0, 3, 0);
INSERT INTO `images` VALUES (117, '/upload/3/90b6a445a966343fdb036f789d3eff2c.jpg', '333', '.jpg', 971119, 0, 0, 3, 0);
INSERT INTO `images` VALUES (118, '/upload/3/c75845ce6a66c6553e6d57680f5cad08.jpg', '333', '.jpg', 971119, 0, 0, 3, 0);
INSERT INTO `images` VALUES (119, '/upload/3/a1d03c097bd71644408ba390f4ef9f9d.jpg', '333', '.jpg', 971119, 0, 0, 3, 0);
INSERT INTO `images` VALUES (120, '/upload/3/ec9b190b046d4d359b254662d46fa726.jpg', 'qin', '.jpg', 324980, 0, 0, 3, 0);
INSERT INTO `images` VALUES (121, '/upload/3/65e7c61cf112c458ef5c07a91ed3a66b.jpg', 'qin', '.jpg', 324980, 0, 0, 3, 0);
INSERT INTO `images` VALUES (122, '/upload/3/9070b37a937faea646b0d97c5681c797.jpg', 'qin', '.jpg', 324980, 0, 0, 3, 0);
INSERT INTO `images` VALUES (123, '/upload/3/06244e8409e5b230ff3b6497fd062ebb.jpg', 'qin', '.jpg', 324980, 0, 0, 3, 0);
INSERT INTO `images` VALUES (124, '/upload/3/a11bdef18fd37968be9916acc71a30e4.jpg', 'qin', '.jpg', 324980, 0, 0, 3, 0);
INSERT INTO `images` VALUES (125, '/upload/3/f3e9e97f468c22f8e7c89c2d042afa86.jpg', 'qin', '.jpg', 324980, 0, 0, 3, 0);
INSERT INTO `images` VALUES (126, '/upload/5/a9acd5b5ef23004fdd53265fd69e3fbd.jpg', '111', '.jpg', 737069, 0, 0, 5, 0);

-- ----------------------------
-- Table structure for pages
-- ----------------------------
DROP TABLE IF EXISTS `pages`;
CREATE TABLE `pages`  (
  `id` int(11) UNSIGNED NOT NULL AUTO_INCREMENT,
  `book_id` int(11) NOT NULL COMMENT '所属书的id',
  `page_type` tinyint(4) NOT NULL COMMENT '页面类型，0：护封，1：封面，2内容页',
  `page_group` tinyint(4) NOT NULL COMMENT '内页分组，0：内容页前置，1：内容页，2：内容页后置',
  `flag` tinyint(255) NOT NULL COMMENT '左右页标识：0左，1右，2双',
  `background` json NULL COMMENT '背景设置',
  `elements` json NULL COMMENT '页面元素',
  `sort` int(255) NOT NULL COMMENT '排序',
  `is_deleted` tinyint(255) NOT NULL DEFAULT 0 COMMENT '是否删除',
  PRIMARY KEY (`id`) USING BTREE
) ENGINE = InnoDB AUTO_INCREMENT = 25 CHARACTER SET = utf8mb4 COLLATE = utf8mb4_general_ci ROW_FORMAT = Dynamic;

-- ----------------------------
-- Records of pages
-- ----------------------------
INSERT INTO `pages` VALUES (1, 1, 1, 0, 2, '{\"image\": \"/images/background/1_l.png\"}', '[{\"x\": 3211, \"y\": 549, \"fill\": \"#f2a9ba\", \"rect\": {\"rx\": 350, \"ry\": 350}, \"type\": \"image\", \"angle\": 0, \"fixed\": false, \"image\": {\"x\": -20, \"y\": -20, \"url\": \"/images/p1.jpg\", \"height\": null, \"translate_x\": 0, \"translate_y\": 0, \"width_scale\": 1, \"height_scale\": 1}, \"shape\": \"rect\", \"width\": 1759, \"height\": 2361, \"stroke\": \"white\", \"display\": true, \"is_fill\": false, \"is_stroke\": true, \"fill_opacity\": 1, \"stroke_width\": 100, \"stroke_opacity\": 1, \"stroke_dasharray\": \"50\"}, {\"x\": 1016, \"y\": 1576, \"fill\": \"none\", \"rect\": {\"rx\": 30, \"ry\": 30}, \"type\": \"image\", \"angle\": 0, \"fixed\": false, \"image\": {\"x\": null, \"y\": null, \"url\": \"/images/p5.jpg\", \"translate_x\": 0, \"translate_y\": 0, \"width_scale\": 1, \"height_scale\": 1}, \"shape\": \"circle\", \"width\": 1114, \"height\": 877, \"stroke\": \"lightsteelblue\", \"display\": true, \"is_fill\": true, \"is_stroke\": true, \"fill_opacity\": 1, \"stroke_width\": 18, \"stroke_opacity\": 1, \"stroke_dasharray\": \"0\"}, {\"x\": 436, \"y\": 269, \"fill\": \"none\", \"rect\": {\"rx\": 0, \"ry\": 0}, \"type\": \"image\", \"angle\": 1, \"fixed\": false, \"image\": {\"x\": 122, \"y\": -56, \"url\": \"/images/p2.jpg\", \"translate_x\": 0, \"translate_y\": 0, \"width_scale\": 1, \"height_scale\": 1}, \"shape\": \"circle\", \"width\": 1384, \"height\": 1153, \"stroke\": \"#fcecef\", \"display\": true, \"is_fill\": true, \"is_stroke\": true, \"fill_opacity\": 1, \"stroke_width\": 50, \"stroke_opacity\": 1, \"stroke_dasharray\": \"50\"}, {\"x\": 1132.237972725387, \"y\": 2707.692130755512, \"fill\": \"#f2a9ba\", \"rect\": {\"rx\": 0, \"ry\": 0}, \"type\": \"shape\", \"angle\": 0, \"fixed\": false, \"image\": null, \"shape\": \"circle\", \"width\": 303.9085693359375, \"height\": 176.63067626953125, \"stroke\": \"\", \"display\": true, \"is_fill\": true, \"is_stroke\": true, \"fill_opacity\": 1, \"stroke_width\": 0, \"stroke_opacity\": 1, \"stroke_dasharray\": \"\"}, {\"x\": 1334.237972725387, \"y\": 3029.692130755512, \"fill\": \"#f2a9ba\", \"rect\": {\"rx\": 0, \"ry\": 0}, \"type\": \"shape\", \"angle\": 0, \"fixed\": false, \"image\": null, \"shape\": \"circle\", \"width\": 151.9085693359375, \"height\": 93.63067626953124, \"stroke\": \"\", \"display\": true, \"is_fill\": true, \"is_stroke\": true, \"fill_opacity\": 1, \"stroke_width\": 0, \"stroke_opacity\": 1, \"stroke_dasharray\": \"\"}, {\"x\": 1289.237972725387, \"y\": 3271.692130755512, \"fill\": \"#f2a9ba\", \"rect\": {\"rx\": 0, \"ry\": 0}, \"type\": \"shape\", \"angle\": 0, \"fixed\": false, \"image\": null, \"shape\": \"circle\", \"width\": 91.9085693359375, \"height\": 61.63067626953125, \"stroke\": \"\", \"display\": true, \"is_fill\": true, \"is_stroke\": true, \"fill_opacity\": 1, \"stroke_width\": 0, \"stroke_opacity\": 1, \"stroke_dasharray\": \"\"}]', 0, 0);
INSERT INTO `pages` VALUES (2, 1, 2, 1, 2, '{\"image\": \"/images/background/2_l.png\"}', '[{\"x\": 634, \"y\": 1670, \"fill\": \"none\", \"rect\": {\"rx\": 30, \"ry\": 30}, \"type\": \"image\", \"angle\": 45, \"fixed\": false, \"image\": {\"url\": \"/images/p1.jpg\", \"translate_x\": 0, \"translate_y\": 0, \"width_scale\": 1, \"height_scale\": 1}, \"shape\": \"circle\", \"width\": 1654, \"height\": 1062, \"stroke\": \"#f6c0ce\", \"display\": true, \"is_fill\": true, \"is_stroke\": true, \"fill_opacity\": 1, \"stroke_width\": 50, \"stroke_opacity\": 1, \"stroke_dasharray\": \"\"}, {\"x\": 416, \"y\": 238, \"fill\": \"none\", \"rect\": {\"rx\": 30, \"ry\": 30}, \"type\": \"image\", \"angle\": 0, \"fixed\": false, \"image\": {\"url\": \"/images/p5.jpg\", \"translate_x\": 0, \"translate_y\": 0, \"width_scale\": 1, \"height_scale\": 1}, \"shape\": \"rect\", \"width\": 1958, \"height\": 1223, \"stroke\": \"#f6c0ce\", \"display\": true, \"is_fill\": true, \"is_stroke\": true, \"fill_opacity\": 1, \"stroke_width\": 50, \"stroke_opacity\": 1, \"stroke_dasharray\": \"300,10\"}, {\"x\": 734, \"y\": 1770, \"fill\": \"none\", \"rect\": {\"rx\": 30, \"ry\": 30}, \"type\": \"image\", \"angle\": 45, \"fixed\": false, \"image\": {\"url\": \"/images/p1.jpg\", \"translate_x\": 0, \"translate_y\": 0, \"width_scale\": 1, \"height_scale\": 1}, \"shape\": \"circle\", \"width\": 1654, \"height\": 1062, \"stroke\": \"#f6c0ce\", \"display\": true, \"is_fill\": true, \"is_stroke\": true, \"fill_opacity\": 1, \"stroke_width\": 50, \"stroke_opacity\": 1, \"stroke_dasharray\": \"\"}, {\"x\": 834, \"y\": 1870, \"fill\": \"none\", \"rect\": {\"rx\": 30, \"ry\": 30}, \"type\": \"image\", \"angle\": 45, \"fixed\": false, \"image\": {\"url\": \"/images/p1.jpg\", \"translate_x\": 0, \"translate_y\": 0, \"width_scale\": 1, \"height_scale\": 1}, \"shape\": \"circle\", \"width\": 1654, \"height\": 1062, \"stroke\": \"#f6c0ce\", \"display\": true, \"is_fill\": true, \"is_stroke\": true, \"fill_opacity\": 1, \"stroke_width\": 50, \"stroke_opacity\": 1, \"stroke_dasharray\": \"\"}, {\"x\": 934, \"y\": 1970, \"fill\": \"none\", \"rect\": {\"rx\": 30, \"ry\": 30}, \"type\": \"image\", \"angle\": 45, \"fixed\": false, \"image\": {\"url\": \"/images/p1.jpg\", \"translate_x\": 0, \"translate_y\": 0, \"width_scale\": 1, \"height_scale\": 1}, \"shape\": \"circle\", \"width\": 1654, \"height\": 1062, \"stroke\": \"#f6c0ce\", \"display\": true, \"is_fill\": true, \"is_stroke\": true, \"fill_opacity\": 1, \"stroke_width\": 50, \"stroke_opacity\": 1, \"stroke_dasharray\": \"\"}, {\"x\": 1034, \"y\": 2070, \"fill\": \"none\", \"rect\": {\"rx\": 30, \"ry\": 30}, \"type\": \"image\", \"angle\": 45, \"fixed\": false, \"image\": {\"url\": \"/images/p1.jpg\", \"translate_x\": 0, \"translate_y\": 0, \"width_scale\": 1, \"height_scale\": 1}, \"shape\": \"circle\", \"width\": 1654, \"height\": 1062, \"stroke\": \"#f6c0ce\", \"display\": true, \"is_fill\": true, \"is_stroke\": true, \"fill_opacity\": 1, \"stroke_width\": 50, \"stroke_opacity\": 1, \"stroke_dasharray\": \"\"}, {\"x\": 1134, \"y\": 2170, \"fill\": \"none\", \"rect\": {\"rx\": 30, \"ry\": 30}, \"type\": \"image\", \"angle\": 45, \"fixed\": false, \"image\": {\"url\": \"/images/p1.jpg\", \"translate_x\": 0, \"translate_y\": 0, \"width_scale\": 1, \"height_scale\": 1}, \"shape\": \"circle\", \"width\": 1654, \"height\": 1062, \"stroke\": \"#f6c0ce\", \"display\": true, \"is_fill\": true, \"is_stroke\": true, \"fill_opacity\": 1, \"stroke_width\": 50, \"stroke_opacity\": 1, \"stroke_dasharray\": \"\"}, {\"x\": 1234, \"y\": 2270, \"fill\": \"none\", \"rect\": {\"rx\": 30, \"ry\": 30}, \"type\": \"image\", \"angle\": 45, \"fixed\": false, \"image\": {\"url\": \"/images/p1.jpg\", \"translate_x\": 0, \"translate_y\": 0, \"width_scale\": 1, \"height_scale\": 1}, \"shape\": \"circle\", \"width\": 1654, \"height\": 1062, \"stroke\": \"#f6c0ce\", \"display\": true, \"is_fill\": true, \"is_stroke\": true, \"fill_opacity\": 1, \"stroke_width\": 50, \"stroke_opacity\": 1, \"stroke_dasharray\": \"\"}, {\"x\": 2008, \"y\": 1196, \"fill\": \"none\", \"rect\": {\"rx\": 30, \"ry\": 30}, \"type\": \"image\", \"angle\": 45, \"fixed\": false, \"image\": {\"x\": null, \"y\": null, \"url\": \"/images/p1.jpg\", \"translate_x\": 0, \"translate_y\": 0, \"width_scale\": 1, \"height_scale\": 1}, \"shape\": \"circle\", \"width\": 1654, \"height\": 1062, \"stroke\": \"#f6c0ce\", \"display\": true, \"is_fill\": true, \"is_stroke\": true, \"fill_opacity\": 1, \"stroke_width\": 50, \"stroke_opacity\": 1, \"stroke_dasharray\": \"\"}, {\"x\": 3225, \"y\": 1953, \"fill\": \"none\", \"rect\": {\"rx\": 30, \"ry\": 30}, \"type\": \"image\", \"angle\": 45, \"fixed\": false, \"image\": {\"x\": 1214, \"y\": 277, \"url\": \"/images/p1.jpg\", \"translate_x\": 0, \"translate_y\": 0, \"width_scale\": 1, \"height_scale\": 1}, \"shape\": \"circle\", \"width\": 1654, \"height\": 1062, \"stroke\": \"#f6c0ce\", \"display\": true, \"is_fill\": true, \"is_stroke\": true, \"fill_opacity\": 1, \"stroke_width\": 50, \"stroke_opacity\": 1, \"stroke_dasharray\": \"\"}]', 0, 0);
INSERT INTO `pages` VALUES (3, 1, 2, 1, 2, '{\"image\": \"/images/background/3_l.png\"}', '[{\"x\": 321.4833984375, \"y\": 2225.2271728515625, \"fill\": \"#f2a9ba\", \"rect\": {\"rx\": 0, \"ry\": 0}, \"type\": \"shape\", \"angle\": 0, \"fixed\": false, \"image\": null, \"shape\": \"circle\", \"width\": 775.6671142578125, \"height\": 802.4141845703125, \"stroke\": \"\", \"display\": true, \"is_fill\": true, \"is_stroke\": true, \"fill_opacity\": 1, \"stroke_width\": 0, \"stroke_opacity\": 1, \"stroke_dasharray\": \"\"}, {\"x\": 3870.7783203125, \"y\": 235.32781982421875, \"fill\": \"#f2a9ba\", \"rect\": {\"rx\": 0, \"ry\": 0}, \"type\": \"image\", \"angle\": 0, \"fixed\": false, \"image\": {\"x\": null, \"y\": null, \"url\": \"/upload/1/f3f6416e301fd92ea5145ac643fcd11c.jpg\", \"translate_x\": 0, \"translate_y\": 0, \"width_scale\": 1, \"height_scale\": 1}, \"shape\": \"rect\", \"width\": 833.619140625, \"height\": 650.8471069335938, \"stroke\": \"#00ffff\", \"display\": true, \"is_fill\": true, \"is_stroke\": true, \"fill_opacity\": 0.5, \"stroke_width\": 0, \"stroke_opacity\": 1, \"stroke_dasharray\": \"\"}, {\"x\": 825.3159164891094, \"y\": 110.60998297665378, \"fill\": \"none\", \"rect\": {\"rx\": 30, \"ry\": 30}, \"type\": \"image\", \"angle\": 0, \"fixed\": false, \"image\": {\"x\": null, \"y\": null, \"url\": \"/images/p2.jpg\", \"translate_x\": 0, \"translate_y\": 0, \"width_scale\": 1, \"height_scale\": 1}, \"shape\": \"ellipse\", \"width\": 2027, \"height\": 2838, \"stroke\": \"#f6c0ce\", \"display\": true, \"is_fill\": true, \"is_stroke\": true, \"fill_opacity\": 1, \"stroke_width\": 50, \"stroke_opacity\": 1, \"stroke_dasharray\": \"0\"}]', 1, 0);
INSERT INTO `pages` VALUES (4, 1, 2, 1, 2, '{\"image\": \"/images/background/4_l.png\"}', '[{\"x\": 96.35125732421876, \"y\": 91.78567504882812, \"fill\": \"#f2a9ba\", \"rect\": {\"rx\": 0, \"ry\": 0}, \"type\": \"image\", \"angle\": 0, \"fixed\": false, \"image\": {\"x\": -101, \"y\": -83, \"url\": \"/upload/1/8230c57b618dc8f2f3ca57c2cfead700.jpg\", \"translate_x\": 0, \"translate_y\": 0, \"width_scale\": 1, \"height_scale\": 1}, \"shape\": \"rect\", \"width\": 2355.3250122070312, \"height\": 3251.0064392089844, \"stroke\": \"\", \"display\": true, \"is_fill\": true, \"is_stroke\": true, \"fill_opacity\": 0, \"stroke_width\": 0, \"stroke_opacity\": 1, \"stroke_dasharray\": \"\"}, {\"x\": 345.2669677734375, \"y\": 2121.2135009765625, \"fill\": \"#f2a9ba\", \"rect\": {\"rx\": 0, \"ry\": 0}, \"type\": \"shape\", \"angle\": 0, \"fixed\": false, \"image\": null, \"shape\": \"circle\", \"width\": 115.2979736328125, \"height\": 383.7535400390625, \"stroke\": \"#80ff00\", \"display\": true, \"is_fill\": true, \"is_stroke\": true, \"fill_opacity\": 1, \"stroke_width\": 0, \"stroke_opacity\": 1, \"stroke_dasharray\": \"\"}]', 2, 0);
INSERT INTO `pages` VALUES (5, 1, 2, 1, 2, '{\"image\": \"/images/background/5_l.png\"}', '[{\"x\": 3585.6337890625, \"y\": 13.373533248901367, \"fill\": \"#f2a9ba\", \"rect\": {\"rx\": 0, \"ry\": 0}, \"type\": \"shape\", \"angle\": 0, \"fixed\": false, \"shape\": \"rect\", \"width\": 1520.12939453125, \"height\": 3428.092287063598, \"stroke\": \"#f2a9ba\", \"display\": true, \"is_fill\": true, \"is_stroke\": true, \"fill_opacity\": 1, \"stroke_width\": 1, \"stroke_opacity\": 1, \"stroke_dasharray\": \"\"}, {\"x\": 221.78515625, \"y\": 2768.5621337890625, \"fill\": \"#f2a9ba\", \"rect\": {\"rx\": 0, \"ry\": 0}, \"type\": \"shape\", \"angle\": 0, \"fixed\": false, \"shape\": \"circle\", \"width\": 598.345703125, \"height\": 260.2498779296875, \"stroke\": \"#f2a9ba\", \"display\": true, \"is_fill\": true, \"is_stroke\": true, \"fill_opacity\": 1, \"stroke_width\": 1, \"stroke_opacity\": 1, \"stroke_dasharray\": \"\"}]', 3, 0);
INSERT INTO `pages` VALUES (6, 1, 2, 1, 2, '{\"image\": \"/images/background/6_l.png\"}', '[]', 4, 0);
INSERT INTO `pages` VALUES (7, 1, 2, 1, 2, '{\"image\": \"/images/background/7_l.png\"}', '[{\"x\": 91.16802978515624, \"y\": 96.39852905273438, \"fill\": \"white\", \"rect\": {\"rx\": 100, \"ry\": 100}, \"type\": \"shape\", \"angle\": 0, \"fixed\": false, \"image\": null, \"shape\": \"rect\", \"width\": 2359.0014038085938, \"height\": 1582.297882080078, \"stroke\": \"gray\", \"display\": true, \"is_fill\": true, \"is_stroke\": true, \"fill_opacity\": 0, \"stroke_width\": 50, \"stroke_opacity\": 0.5, \"stroke_dasharray\": \"\"}, {\"x\": 2504.447265625, \"y\": 116.4463882446289, \"fill\": \"#f2a9ba\", \"rect\": {\"rx\": 0, \"ry\": 0}, \"type\": \"image\", \"angle\": 0, \"fixed\": false, \"image\": {\"x\": 16, \"y\": 13, \"url\": \"/upload/1/5ed3c6439afb535c6a77973e134e3dba.jpg\", \"translate_x\": 0, \"translate_y\": 0, \"width_scale\": 1, \"height_scale\": 1}, \"shape\": \"circle\", \"width\": 1681.11572265625, \"height\": 1003.997215270996, \"stroke\": \"gray\", \"display\": true, \"is_fill\": true, \"is_stroke\": true, \"fill_opacity\": 0, \"stroke_width\": 50, \"stroke_opacity\": 0.5, \"stroke_dasharray\": \"\"}]', 5, 0);
INSERT INTO `pages` VALUES (8, 1, 2, 1, 2, '{\"image\": \"/images/background/8_l.png\"}', '[]', 6, 0);
INSERT INTO `pages` VALUES (9, 1, 2, 1, 2, '{\"image\": \"/images/background/9_l.png\"}', '[]', 7, 0);
INSERT INTO `pages` VALUES (10, 1, 2, 1, 2, '{\"image\": \"/images/background/10_l.png\"}', '[{\"x\": 448.6280517578125, \"y\": 1083.7171630859375, \"fill\": \"#f2a9ba\", \"rect\": {\"rx\": 0, \"ry\": 0}, \"type\": \"image\", \"angle\": 0, \"fixed\": false, \"image\": {\"url\": \"/images/kc.jpg\", \"translate_x\": 0, \"translate_y\": 0, \"width_scale\": 1, \"height_scale\": 1}, \"shape\": \"ellipse\", \"width\": 1818.8057861328125, \"height\": 1292.7784423828125, \"stroke\": \"#f2a9ba\", \"display\": true, \"is_fill\": false, \"is_stroke\": true, \"fill_opacity\": 1, \"stroke_width\": 100, \"stroke_opacity\": 1, \"stroke_dasharray\": \"30 20\"}, {\"x\": 3222.315185546875, \"y\": 2970.8585205078125, \"fill\": \"#f2a9ba\", \"rect\": {\"rx\": 0, \"ry\": 0}, \"type\": \"shape\", \"angle\": 0, \"fixed\": false, \"shape\": \"circle\", \"width\": 107.109375, \"height\": 109.7357177734375, \"stroke\": \"#f2a9ba\", \"display\": true, \"is_fill\": true, \"is_stroke\": true, \"fill_opacity\": 1, \"stroke_width\": 1, \"stroke_opacity\": 1, \"stroke_dasharray\": \"\"}, {\"x\": 3265.96875, \"y\": 3207.73486328125, \"fill\": \"#f2a9ba\", \"rect\": {\"rx\": 0, \"ry\": 0}, \"type\": \"shape\", \"angle\": 0, \"fixed\": false, \"shape\": \"circle\", \"width\": 120.362060546875, \"height\": 80.241455078125, \"stroke\": \"#f2a9ba\", \"display\": true, \"is_fill\": true, \"is_stroke\": true, \"fill_opacity\": 1, \"stroke_width\": 1, \"stroke_opacity\": 1, \"stroke_dasharray\": \"\"}, {\"x\": 3180.9237060546875, \"y\": 2675.69140625, \"fill\": \"#f2a9ba\", \"rect\": {\"rx\": 0, \"ry\": 0}, \"type\": \"shape\", \"angle\": 0, \"fixed\": false, \"shape\": \"circle\", \"width\": 219.772216796875, \"height\": 195.362060546875, \"stroke\": \"#f2a9ba\", \"display\": true, \"is_fill\": true, \"is_stroke\": true, \"fill_opacity\": 1, \"stroke_width\": 1, \"stroke_opacity\": 1, \"stroke_dasharray\": \"\"}, {\"x\": 4414.1435546875, \"y\": 3035.4571533203125, \"fill\": \"#ffffff\", \"rect\": {\"rx\": 0, \"ry\": 0}, \"type\": \"shape\", \"angle\": 0, \"fixed\": false, \"shape\": \"circle\", \"width\": 187.23046875, \"height\": 173.8563232421875, \"stroke\": \"#f2a9ba\", \"display\": true, \"is_fill\": true, \"is_stroke\": true, \"fill_opacity\": 0.5, \"stroke_width\": 1, \"stroke_opacity\": 1, \"stroke_dasharray\": \"\"}, {\"x\": 2909.449462890625, \"y\": 2163.89208984375, \"fill\": \"#f2a9ba\", \"rect\": {\"rx\": 0, \"ry\": 0}, \"type\": \"image\", \"angle\": 0, \"fixed\": false, \"image\": {\"x\": null, \"y\": null, \"url\": \"/images/kc.jpg\", \"translate_x\": 0, \"translate_y\": 0, \"width_scale\": 1, \"height_scale\": 1}, \"shape\": \"circle\", \"width\": 619.64208984375, \"height\": 405.6650390625, \"stroke\": \"#f2a9ba\", \"display\": true, \"is_fill\": false, \"is_stroke\": true, \"fill_opacity\": 1, \"stroke_width\": 50, \"stroke_opacity\": 1, \"stroke_dasharray\": \"50,5\"}]', 8, 0);
INSERT INTO `pages` VALUES (11, 1, 2, 1, 2, '{\"image\": \"\"}', '[{\"x\": -282.9765930175781, \"y\": 734.3985443115234, \"fill\": \"#f2a9ba\", \"rect\": {\"rx\": 0, \"ry\": 0}, \"type\": \"shape\", \"angle\": 40, \"fixed\": true, \"image\": null, \"shape\": \"rect\", \"width\": 5491.965118408203, \"height\": 2125.5235748291016, \"stroke\": \"\", \"display\": true, \"is_fill\": true, \"is_stroke\": true, \"fill_opacity\": 1, \"stroke_width\": 0, \"stroke_opacity\": 1, \"stroke_dasharray\": \"\"}, {\"x\": 90.14411926269533, \"y\": 2741.7420654296875, \"fill\": \"#f2a9ba\", \"rect\": {\"rx\": 0, \"ry\": 0}, \"type\": \"shape\", \"angle\": 0, \"fixed\": false, \"image\": null, \"shape\": \"rect\", \"width\": 711.8264617919922, \"height\": 609.8858642578125, \"stroke\": \"#f2a9ba\", \"display\": true, \"is_fill\": true, \"is_stroke\": true, \"fill_opacity\": 0.3, \"stroke_width\": 100, \"stroke_opacity\": 1, \"stroke_dasharray\": \"\"}, {\"x\": 2521.0570068359375, \"y\": 426.2978515625, \"fill\": \"white\", \"rect\": {\"rx\": 0, \"ry\": 0}, \"type\": \"shape\", \"angle\": 0, \"fixed\": false, \"image\": null, \"shape\": \"rect\", \"width\": 777.9307861328125, \"height\": 682.801513671875, \"stroke\": \"\", \"display\": true, \"is_fill\": true, \"is_stroke\": true, \"fill_opacity\": 0.4, \"stroke_width\": 0, \"stroke_opacity\": 1, \"stroke_dasharray\": \"\"}, {\"x\": 3887.391357421875, \"y\": 7.4599609375, \"fill\": \"#f2a9ba\", \"rect\": {\"rx\": 0, \"ry\": 0}, \"type\": \"shape\", \"angle\": 0, \"fixed\": false, \"image\": null, \"shape\": \"circle\", \"width\": 1288.320556640625, \"height\": 1003.017822265625, \"stroke\": \"\", \"display\": true, \"is_fill\": true, \"is_stroke\": true, \"fill_opacity\": 1, \"stroke_width\": 0, \"stroke_opacity\": 1, \"stroke_dasharray\": \"\"}, {\"x\": 4051.479736328125, \"y\": 860.3663940429688, \"fill\": \"#f2a9ba\", \"rect\": {\"rx\": 0, \"ry\": 0}, \"type\": \"shape\", \"angle\": 0, \"fixed\": false, \"image\": null, \"shape\": \"circle\", \"width\": 427.954345703125, \"height\": 0, \"stroke\": \"\", \"display\": true, \"is_fill\": true, \"is_stroke\": true, \"fill_opacity\": 1, \"stroke_width\": 0, \"stroke_opacity\": 1, \"stroke_dasharray\": \"\"}, {\"x\": 4022.30908203125, \"y\": 231.8085479736328, \"fill\": \"none\", \"rect\": {\"rx\": 0, \"ry\": 0}, \"type\": \"shape\", \"angle\": 0, \"fixed\": false, \"image\": null, \"shape\": \"rect\", \"width\": 639.89697265625, \"height\": 824.7035369873047, \"stroke\": \"white\", \"display\": true, \"is_fill\": true, \"is_stroke\": true, \"fill_opacity\": 1, \"stroke_width\": 10, \"stroke_opacity\": 1, \"stroke_dasharray\": \"\"}, {\"x\": 92.9026870727539, \"y\": 2750.497802734375, \"fill\": \"none\", \"rect\": {\"rx\": 0, \"ry\": 0}, \"type\": \"shape\", \"angle\": 0, \"fixed\": false, \"image\": null, \"shape\": \"rect\", \"width\": 708.7992782592773, \"height\": 592.89501953125, \"stroke\": \"white\", \"display\": true, \"is_fill\": true, \"is_stroke\": true, \"fill_opacity\": 1, \"stroke_width\": 10, \"stroke_opacity\": 1, \"stroke_dasharray\": \"\"}, {\"x\": 4238.71337890625, \"y\": 2238.423553466797, \"fill\": \"white\", \"rect\": {\"rx\": 0, \"ry\": 0}, \"type\": \"shape\", \"angle\": 0, \"fixed\": false, \"image\": null, \"shape\": \"circle\", \"width\": 982.0157470703124, \"height\": 1015.8835754394532, \"stroke\": \"\", \"display\": true, \"is_fill\": true, \"is_stroke\": true, \"fill_opacity\": 0.5, \"stroke_width\": 0, \"stroke_opacity\": 1, \"stroke_dasharray\": \"\"}, {\"x\": 1746.8519287109375, \"y\": 2589.267822265625, \"fill\": \"white\", \"rect\": {\"rx\": 0, \"ry\": 0}, \"type\": \"shape\", \"angle\": 0, \"fixed\": false, \"image\": null, \"shape\": \"rect\", \"width\": 757.8358154296875, \"height\": 633.015625, \"stroke\": \"\", \"display\": true, \"is_fill\": true, \"is_stroke\": true, \"fill_opacity\": 0.4, \"stroke_width\": 0, \"stroke_opacity\": 1, \"stroke_dasharray\": \"\"}]', 9, 0);
INSERT INTO `pages` VALUES (13, 1, 0, 0, 2, '{\"image\": \"/images/background/6_l.png\"}', '[{\"x\": 1631.8055419921875, \"y\": 757.835693359375, \"fill\": \"#f2a9ba\", \"rect\": {\"rx\": 0, \"ry\": 0}, \"type\": \"shape\", \"angle\": 0, \"fixed\": false, \"shape\": \"circle\", \"width\": 87.1207275390625, \"height\": 97.57855224609376, \"stroke\": \"#f2a9ba\", \"display\": true, \"is_fill\": true, \"is_stroke\": true, \"fill_opacity\": 1, \"stroke_width\": 1, \"stroke_opacity\": 1, \"stroke_dasharray\": \"\"}, {\"x\": 1731.8055419921875, \"y\": 857.835693359375, \"fill\": \"#f2a9ba\", \"rect\": {\"rx\": 0, \"ry\": 0}, \"type\": \"shape\", \"angle\": 0, \"fixed\": false, \"shape\": \"circle\", \"width\": 87.1207275390625, \"height\": 97.57855224609376, \"stroke\": \"#f2a9ba\", \"display\": true, \"is_fill\": true, \"is_stroke\": true, \"fill_opacity\": 1, \"stroke_width\": 1, \"stroke_opacity\": 1, \"stroke_dasharray\": \"\"}, {\"x\": 1831.8055419921875, \"y\": 957.835693359375, \"fill\": \"#f2a9ba\", \"rect\": {\"rx\": 0, \"ry\": 0}, \"type\": \"shape\", \"angle\": 0, \"fixed\": false, \"shape\": \"circle\", \"width\": 87.1207275390625, \"height\": 97.57855224609376, \"stroke\": \"#f2a9ba\", \"display\": true, \"is_fill\": true, \"is_stroke\": true, \"fill_opacity\": 1, \"stroke_width\": 1, \"stroke_opacity\": 1, \"stroke_dasharray\": \"\"}, {\"x\": 1931.8055419921875, \"y\": 1057.835693359375, \"fill\": \"#f2a9ba\", \"rect\": {\"rx\": 0, \"ry\": 0}, \"type\": \"shape\", \"angle\": 0, \"fixed\": false, \"shape\": \"circle\", \"width\": 87.1207275390625, \"height\": 97.57855224609376, \"stroke\": \"#f2a9ba\", \"display\": true, \"is_fill\": true, \"is_stroke\": true, \"fill_opacity\": 1, \"stroke_width\": 1, \"stroke_opacity\": 1, \"stroke_dasharray\": \"\"}, {\"x\": 2031.8055419921875, \"y\": 1157.835693359375, \"fill\": \"#f2a9ba\", \"rect\": {\"rx\": 0, \"ry\": 0}, \"type\": \"shape\", \"angle\": 0, \"fixed\": false, \"shape\": \"circle\", \"width\": 87.1207275390625, \"height\": 97.57855224609376, \"stroke\": \"#f2a9ba\", \"display\": true, \"is_fill\": true, \"is_stroke\": true, \"fill_opacity\": 1, \"stroke_width\": 1, \"stroke_opacity\": 1, \"stroke_dasharray\": \"\"}, {\"x\": 2131.8055419921875, \"y\": 1257.835693359375, \"fill\": \"#f2a9ba\", \"rect\": {\"rx\": 0, \"ry\": 0}, \"type\": \"shape\", \"angle\": 0, \"fixed\": false, \"shape\": \"circle\", \"width\": 87.1207275390625, \"height\": 97.57855224609376, \"stroke\": \"#f2a9ba\", \"display\": true, \"is_fill\": true, \"is_stroke\": true, \"fill_opacity\": 1, \"stroke_width\": 1, \"stroke_opacity\": 1, \"stroke_dasharray\": \"\"}, {\"x\": 2231.8055419921875, \"y\": 1357.835693359375, \"fill\": \"#f2a9ba\", \"rect\": {\"rx\": 0, \"ry\": 0}, \"type\": \"shape\", \"angle\": 0, \"fixed\": false, \"shape\": \"circle\", \"width\": 87.1207275390625, \"height\": 97.57855224609376, \"stroke\": \"#f2a9ba\", \"display\": true, \"is_fill\": true, \"is_stroke\": true, \"fill_opacity\": 1, \"stroke_width\": 1, \"stroke_opacity\": 1, \"stroke_dasharray\": \"\"}, {\"x\": 2331.8055419921875, \"y\": 1457.835693359375, \"fill\": \"#f2a9ba\", \"rect\": {\"rx\": 0, \"ry\": 0}, \"type\": \"shape\", \"angle\": 0, \"fixed\": true, \"shape\": \"circle\", \"width\": 87.1207275390625, \"height\": 97.57855224609376, \"stroke\": \"#f2a9ba\", \"display\": true, \"is_fill\": true, \"is_stroke\": true, \"fill_opacity\": 1, \"stroke_width\": 1, \"stroke_opacity\": 1, \"stroke_dasharray\": \"\"}, {\"x\": 2431.8055419921875, \"y\": 1557.835693359375, \"fill\": \"#f2a9ba\", \"rect\": {\"rx\": 0, \"ry\": 0}, \"type\": \"shape\", \"angle\": 0, \"fixed\": false, \"shape\": \"circle\", \"width\": 87.1207275390625, \"height\": 97.57855224609376, \"stroke\": \"#f2a9ba\", \"display\": true, \"is_fill\": true, \"is_stroke\": true, \"fill_opacity\": 1, \"stroke_width\": 1, \"stroke_opacity\": 1, \"stroke_dasharray\": \"\"}, {\"x\": 2531.8055419921875, \"y\": 1657.835693359375, \"fill\": \"#f2a9ba\", \"rect\": {\"rx\": 0, \"ry\": 0}, \"type\": \"shape\", \"angle\": 0, \"fixed\": false, \"shape\": \"circle\", \"width\": 87.1207275390625, \"height\": 97.57855224609376, \"stroke\": \"#f2a9ba\", \"display\": true, \"is_fill\": true, \"is_stroke\": true, \"fill_opacity\": 1, \"stroke_width\": 1, \"stroke_opacity\": 1, \"stroke_dasharray\": \"\"}, {\"x\": 2631.8055419921875, \"y\": 1757.835693359375, \"fill\": \"#f2a9ba\", \"rect\": {\"rx\": 0, \"ry\": 0}, \"type\": \"shape\", \"angle\": 0, \"fixed\": false, \"shape\": \"circle\", \"width\": 87.1207275390625, \"height\": 97.57855224609376, \"stroke\": \"#f2a9ba\", \"display\": true, \"is_fill\": true, \"is_stroke\": true, \"fill_opacity\": 1, \"stroke_width\": 1, \"stroke_opacity\": 1, \"stroke_dasharray\": \"\"}, {\"x\": 2731.8055419921875, \"y\": 1857.835693359375, \"fill\": \"#f2a9ba\", \"rect\": {\"rx\": 0, \"ry\": 0}, \"type\": \"shape\", \"angle\": 0, \"fixed\": false, \"shape\": \"circle\", \"width\": 87.1207275390625, \"height\": 97.57855224609376, \"stroke\": \"#f2a9ba\", \"display\": true, \"is_fill\": true, \"is_stroke\": true, \"fill_opacity\": 1, \"stroke_width\": 1, \"stroke_opacity\": 1, \"stroke_dasharray\": \"\"}, {\"x\": 2831.8055419921875, \"y\": 1957.835693359375, \"fill\": \"#f2a9ba\", \"rect\": {\"rx\": 0, \"ry\": 0}, \"type\": \"shape\", \"angle\": 0, \"fixed\": false, \"shape\": \"circle\", \"width\": 87.1207275390625, \"height\": 97.57855224609376, \"stroke\": \"#f2a9ba\", \"display\": true, \"is_fill\": true, \"is_stroke\": true, \"fill_opacity\": 1, \"stroke_width\": 1, \"stroke_opacity\": 1, \"stroke_dasharray\": \"\"}, {\"x\": 2931.8055419921875, \"y\": 2057.835693359375, \"fill\": \"#f2a9ba\", \"rect\": {\"rx\": 0, \"ry\": 0}, \"type\": \"shape\", \"angle\": 0, \"fixed\": false, \"shape\": \"circle\", \"width\": 87.1207275390625, \"height\": 97.57855224609376, \"stroke\": \"#f2a9ba\", \"display\": true, \"is_fill\": true, \"is_stroke\": true, \"fill_opacity\": 1, \"stroke_width\": 1, \"stroke_opacity\": 1, \"stroke_dasharray\": \"\"}, {\"x\": 3031.8055419921875, \"y\": 2157.835693359375, \"fill\": \"#f2a9ba\", \"rect\": {\"rx\": 0, \"ry\": 0}, \"type\": \"shape\", \"angle\": 0, \"fixed\": false, \"shape\": \"circle\", \"width\": 87.1207275390625, \"height\": 97.57855224609376, \"stroke\": \"#f2a9ba\", \"display\": true, \"is_fill\": true, \"is_stroke\": true, \"fill_opacity\": 1, \"stroke_width\": 1, \"stroke_opacity\": 1, \"stroke_dasharray\": \"\"}, {\"x\": 3131.8055419921875, \"y\": 2257.835693359375, \"fill\": \"#f2a9ba\", \"rect\": {\"rx\": 0, \"ry\": 0}, \"type\": \"shape\", \"angle\": 0, \"fixed\": false, \"shape\": \"circle\", \"width\": 87.1207275390625, \"height\": 97.57855224609376, \"stroke\": \"#f2a9ba\", \"display\": true, \"is_fill\": true, \"is_stroke\": true, \"fill_opacity\": 1, \"stroke_width\": 1, \"stroke_opacity\": 1, \"stroke_dasharray\": \"\"}, {\"x\": 3231.8055419921875, \"y\": 2357.835693359375, \"fill\": \"#f2a9ba\", \"rect\": {\"rx\": 0, \"ry\": 0}, \"type\": \"shape\", \"angle\": 0, \"fixed\": false, \"shape\": \"circle\", \"width\": 87.1207275390625, \"height\": 97.57855224609376, \"stroke\": \"#f2a9ba\", \"display\": true, \"is_fill\": true, \"is_stroke\": true, \"fill_opacity\": 1, \"stroke_width\": 1, \"stroke_opacity\": 1, \"stroke_dasharray\": \"\"}, {\"x\": 3247.8055419921875, \"y\": 2594.835693359375, \"fill\": \"#f2a9ba\", \"rect\": {\"rx\": 0, \"ry\": 0}, \"type\": \"shape\", \"angle\": 0, \"fixed\": false, \"shape\": \"circle\", \"width\": 87.1207275390625, \"height\": 97.57855224609376, \"stroke\": \"#f2a9ba\", \"display\": true, \"is_fill\": true, \"is_stroke\": true, \"fill_opacity\": 1, \"stroke_width\": 1, \"stroke_opacity\": 1, \"stroke_dasharray\": \"\"}, {\"x\": 3431.8055419921875, \"y\": 2557.835693359375, \"fill\": \"#f2a9ba\", \"rect\": {\"rx\": 0, \"ry\": 0}, \"type\": \"shape\", \"angle\": 0, \"fixed\": false, \"shape\": \"circle\", \"width\": 87.1207275390625, \"height\": 97.57855224609376, \"stroke\": \"#f2a9ba\", \"display\": true, \"is_fill\": true, \"is_stroke\": true, \"fill_opacity\": 1, \"stroke_width\": 1, \"stroke_opacity\": 1, \"stroke_dasharray\": \"\"}, {\"x\": 3531.8055419921875, \"y\": 2657.835693359375, \"fill\": \"#f2a9ba\", \"rect\": {\"rx\": 0, \"ry\": 0}, \"type\": \"shape\", \"angle\": 0, \"fixed\": true, \"shape\": \"circle\", \"width\": 87.1207275390625, \"height\": 97.57855224609376, \"stroke\": \"#f2a9ba\", \"display\": true, \"is_fill\": true, \"is_stroke\": true, \"fill_opacity\": 1, \"stroke_width\": 1, \"stroke_opacity\": 1, \"stroke_dasharray\": \"\"}, {\"x\": 3631.805541992187, \"y\": 2757.835693359375, \"fill\": \"#f2a9ba\", \"rect\": {\"rx\": 0, \"ry\": 0}, \"type\": \"shape\", \"angle\": 0, \"fixed\": false, \"shape\": \"circle\", \"width\": 87.1207275390625, \"height\": 97.57855224609376, \"stroke\": \"#f2a9ba\", \"display\": true, \"is_fill\": true, \"is_stroke\": true, \"fill_opacity\": 1, \"stroke_width\": 1, \"stroke_opacity\": 1, \"stroke_dasharray\": \"\"}, {\"x\": 3731.805541992187, \"y\": 2857.835693359375, \"fill\": \"#f2a9ba\", \"rect\": {\"rx\": 0, \"ry\": 0}, \"type\": \"shape\", \"angle\": 0, \"fixed\": false, \"shape\": \"circle\", \"width\": 87.1207275390625, \"height\": 97.57855224609376, \"stroke\": \"#f2a9ba\", \"display\": true, \"is_fill\": true, \"is_stroke\": true, \"fill_opacity\": 1, \"stroke_width\": 1, \"stroke_opacity\": 1, \"stroke_dasharray\": \"\"}, {\"x\": 3831.805541992187, \"y\": 2957.835693359375, \"fill\": \"#f2a9ba\", \"rect\": {\"rx\": 0, \"ry\": 0}, \"type\": \"shape\", \"angle\": 0, \"fixed\": false, \"shape\": \"circle\", \"width\": 87.1207275390625, \"height\": 97.57855224609376, \"stroke\": \"#f2a9ba\", \"display\": true, \"is_fill\": true, \"is_stroke\": true, \"fill_opacity\": 1, \"stroke_width\": 1, \"stroke_opacity\": 1, \"stroke_dasharray\": \"\"}, {\"x\": 3931.805541992187, \"y\": 3057.835693359375, \"fill\": \"#f2a9ba\", \"rect\": {\"rx\": 0, \"ry\": 0}, \"type\": \"shape\", \"angle\": 0, \"fixed\": false, \"shape\": \"circle\", \"width\": 87.1207275390625, \"height\": 97.57855224609376, \"stroke\": \"#f2a9ba\", \"display\": true, \"is_fill\": true, \"is_stroke\": true, \"fill_opacity\": 1, \"stroke_width\": 1, \"stroke_opacity\": 1, \"stroke_dasharray\": \"\"}, {\"x\": 4031.805541992187, \"y\": 3157.835693359375, \"fill\": \"#f2a9ba\", \"rect\": {\"rx\": 0, \"ry\": 0}, \"type\": \"shape\", \"angle\": 0, \"fixed\": false, \"shape\": \"circle\", \"width\": 87.1207275390625, \"height\": 97.57855224609376, \"stroke\": \"#f2a9ba\", \"display\": true, \"is_fill\": true, \"is_stroke\": true, \"fill_opacity\": 1, \"stroke_width\": 1, \"stroke_opacity\": 1, \"stroke_dasharray\": \"\"}, {\"x\": 4131.8055419921875, \"y\": 3257.835693359375, \"fill\": \"#f2a9ba\", \"rect\": {\"rx\": 0, \"ry\": 0}, \"type\": \"shape\", \"angle\": 0, \"fixed\": false, \"shape\": \"circle\", \"width\": 87.1207275390625, \"height\": 97.57855224609376, \"stroke\": \"#f2a9ba\", \"display\": true, \"is_fill\": true, \"is_stroke\": true, \"fill_opacity\": 1, \"stroke_width\": 1, \"stroke_opacity\": 1, \"stroke_dasharray\": \"\"}, {\"x\": 5357.8055419921875, \"y\": 1356.835693359375, \"fill\": \"#f2a9ba\", \"rect\": {\"rx\": 0, \"ry\": 0}, \"type\": \"shape\", \"angle\": 0, \"fixed\": false, \"shape\": \"circle\", \"width\": 87.1207275390625, \"height\": 97.57855224609376, \"stroke\": \"#f2a9ba\", \"display\": true, \"is_fill\": true, \"is_stroke\": true, \"fill_opacity\": 1, \"stroke_width\": 1, \"stroke_opacity\": 1, \"stroke_dasharray\": \"\"}, {\"x\": 575.2933959960938, \"y\": 1720.7327880859375, \"fill\": \"#f2a9ba\", \"rect\": {\"rx\": 0, \"ry\": 0}, \"type\": \"image\", \"angle\": 0, \"fixed\": false, \"image\": {\"url\": \"/upload/1/48c8f2cab878c0946e5879f959732894.jpg\", \"translate_x\": 0, \"translate_y\": 0, \"width_scale\": 1, \"height_scale\": 1}, \"shape\": \"rect\", \"width\": 1453.2614135742188, \"height\": 797.9564208984375, \"stroke\": \"#f2a9ba\", \"display\": true, \"is_fill\": false, \"is_stroke\": true, \"fill_opacity\": 1, \"stroke_width\": 1, \"stroke_opacity\": 1, \"stroke_dasharray\": \"\"}, {\"x\": 2111.77294921875, \"y\": 425.00634765625, \"fill\": \"#f2a9ba\", \"rect\": {\"rx\": 0, \"ry\": 0}, \"type\": \"image\", \"angle\": 0, \"fixed\": false, \"image\": {\"url\": \"/upload/1/5ba0c73c51a39b820a862a2b86207ae3.jpg\", \"translate_x\": 0, \"translate_y\": 0, \"width_scale\": 1, \"height_scale\": 1}, \"shape\": \"rect\", \"width\": 883.27392578125, \"height\": 517.3990478515625, \"stroke\": \"#f2a9ba\", \"display\": true, \"is_fill\": false, \"is_stroke\": true, \"fill_opacity\": 1, \"stroke_width\": 1, \"stroke_opacity\": 1, \"stroke_dasharray\": \"\"}]', 0, 0);
INSERT INTO `pages` VALUES (14, 1, 2, 1, 2, '{\"image\": \"\"}', '[{\"x\": 143.4490966796875, \"y\": 3220.783546447754, \"fill\": \"#f2a9ba\", \"rect\": {\"rx\": 0, \"ry\": 0}, \"type\": \"shape\", \"angle\": 360, \"fixed\": false, \"image\": null, \"shape\": \"rect\", \"width\": 4731.0601806640625, \"height\": 73.1521224975586, \"stroke\": \"\", \"display\": true, \"is_fill\": true, \"is_stroke\": true, \"fill_opacity\": 1, \"stroke_width\": 0, \"stroke_opacity\": 1, \"stroke_dasharray\": \"\"}, {\"x\": 228.8673095703125, \"y\": 205.06138610839844, \"fill\": \"#f2a9ba\", \"rect\": {\"rx\": 0, \"ry\": 0}, \"type\": \"image\", \"angle\": 0, \"fixed\": false, \"image\": {\"url\": \"/upload/1/618f36910ff79516e93ce724dfbfb9e9.jpg\", \"translate_x\": 0, \"translate_y\": 0, \"width_scale\": 1, \"height_scale\": 1}, \"shape\": \"rect\", \"width\": 1078.8013916015625, \"height\": 1114.4642486572266, \"stroke\": \"#f2a9ba\", \"display\": true, \"is_fill\": false, \"is_stroke\": false, \"fill_opacity\": 1, \"stroke_width\": 1, \"stroke_opacity\": 1, \"stroke_dasharray\": \"\"}, {\"x\": 1364.825927734375, \"y\": 213.97711181640625, \"fill\": \"#f2a9ba\", \"rect\": {\"rx\": 0, \"ry\": 0}, \"type\": \"image\", \"angle\": 0, \"fixed\": false, \"image\": {\"url\": \"/upload/1/c0b36bba89a94829c3b8259d727431b3.jpg\", \"translate_x\": 0, \"translate_y\": 0, \"width_scale\": 1, \"height_scale\": 1}, \"shape\": \"rect\", \"width\": 1052.51220703125, \"height\": 1104.1749877929688, \"stroke\": \"#f2a9ba\", \"display\": true, \"is_fill\": false, \"is_stroke\": true, \"fill_opacity\": 1, \"stroke_width\": 10, \"stroke_opacity\": 1, \"stroke_dasharray\": \"\"}, {\"x\": 2639.825927734375, \"y\": 217.97711181640625, \"fill\": \"#f2a9ba\", \"rect\": {\"rx\": 0, \"ry\": 0}, \"type\": \"image\", \"angle\": 0, \"fixed\": false, \"image\": {\"url\": \"/upload/1/e1a2d328fe022a50bb2ca3db83af364d.jpg\", \"translate_x\": 0, \"translate_y\": 0, \"width_scale\": 1, \"height_scale\": 1}, \"shape\": \"rect\", \"width\": 1052.51220703125, \"height\": 1104.1749877929688, \"stroke\": \"#f2a9ba\", \"display\": true, \"is_fill\": false, \"is_stroke\": true, \"fill_opacity\": 1, \"stroke_width\": 10, \"stroke_opacity\": 1, \"stroke_dasharray\": \"\"}, {\"x\": 3835.825927734375, \"y\": 220.97711181640625, \"fill\": \"#f2a9ba\", \"rect\": {\"rx\": 0, \"ry\": 0}, \"type\": \"image\", \"angle\": 0, \"fixed\": false, \"image\": {\"url\": \"/upload/1/82140e536ea7cab3c523ce11cd818a0e.jpg\", \"translate_x\": 0, \"translate_y\": 0, \"width_scale\": 1, \"height_scale\": 1}, \"shape\": \"rect\", \"width\": 1052.51220703125, \"height\": 1104.1749877929688, \"stroke\": \"#f2a9ba\", \"display\": true, \"is_fill\": false, \"is_stroke\": true, \"fill_opacity\": 1, \"stroke_width\": 10, \"stroke_opacity\": 1, \"stroke_dasharray\": \"\"}, {\"x\": 251.825927734375, \"y\": 1442.9771118164062, \"fill\": \"#f2a9ba\", \"rect\": {\"rx\": 0, \"ry\": 0}, \"type\": \"image\", \"angle\": 0, \"fixed\": false, \"image\": {\"url\": \"/upload/1/89b73ef3fee9908447c5ad94b3f03e9a.jpg\", \"translate_x\": 0, \"translate_y\": 0, \"width_scale\": 1, \"height_scale\": 1}, \"shape\": \"rect\", \"width\": 2165.51220703125, \"height\": 1703.1749877929688, \"stroke\": \"#f2a9ba\", \"display\": true, \"is_fill\": false, \"is_stroke\": true, \"fill_opacity\": 1, \"stroke_width\": 10, \"stroke_opacity\": 1, \"stroke_dasharray\": \"\"}, {\"x\": 2627.825927734375, \"y\": 1446.9771118164062, \"fill\": \"#f2a9ba\", \"rect\": {\"rx\": 0, \"ry\": 0}, \"type\": \"image\", \"angle\": 0, \"fixed\": false, \"image\": {\"url\": \"/upload/1/9994c1710cc9730f2cfbe18d752ab31c.jpg\", \"translate_x\": 0, \"translate_y\": 0, \"width_scale\": 1, \"height_scale\": 1}, \"shape\": \"rect\", \"width\": 2243.51220703125, \"height\": 1691.1749877929688, \"stroke\": \"#f2a9ba\", \"display\": true, \"is_fill\": false, \"is_stroke\": true, \"fill_opacity\": 1, \"stroke_width\": 10, \"stroke_opacity\": 1, \"stroke_dasharray\": \"\"}]', 10, 0);
INSERT INTO `pages` VALUES (15, 1, 2, 1, 2, '{\"image\": \"/upload/1/baf1d58c53144596fd347e7090b6f3bb.jpg\"}', '[]', 11, 0);
INSERT INTO `pages` VALUES (17, 3, 2, 1, 2, '{\"image\": \"\"}', '[{\"x\": 60.582618713378906, \"y\": 76.55118560791016, \"fill\": \"#f2a9ba\", \"rect\": {\"rx\": 0, \"ry\": 0}, \"type\": \"shape\", \"angle\": 0, \"fixed\": true, \"shape\": \"rect\", \"width\": 4122.047264099121, \"height\": 2850.39363861084, \"stroke\": \"#f2a9ba\", \"display\": true, \"is_fill\": false, \"is_stroke\": true, \"fill_opacity\": 1, \"stroke_width\": 10, \"stroke_opacity\": 1, \"stroke_dasharray\": \"\"}, {\"x\": 214.75584411621097, \"y\": 224.2834625244141, \"fill\": \"#f2a9ba\", \"rect\": {\"rx\": 0, \"ry\": 0}, \"type\": \"shape\", \"angle\": 0, \"fixed\": false, \"shape\": \"rect\", \"width\": 1818.897720336914, \"height\": 1047.244125366211, \"stroke\": \"#f2a9ba\", \"display\": true, \"is_fill\": true, \"is_stroke\": true, \"fill_opacity\": 1, \"stroke_width\": 1, \"stroke_opacity\": 1, \"stroke_dasharray\": \"\"}]', 0, 0);
INSERT INTO `pages` VALUES (18, 3, 1, 0, 2, '{\"image\": \"\"}', '[{\"x\": 95.96841430664062, \"y\": 86.9842529296875, \"fill\": \"#f2a9ba\", \"rect\": {\"rx\": 0, \"ry\": 0}, \"type\": \"shape\", \"angle\": 0, \"fixed\": false, \"shape\": \"rect\", \"width\": 235.2598571777344, \"height\": 2844.708740234375, \"stroke\": \"#ff8080\", \"display\": true, \"is_fill\": false, \"is_stroke\": true, \"fill_opacity\": 1, \"stroke_width\": 50, \"stroke_opacity\": 1, \"stroke_dasharray\": \"20\"}, {\"x\": 2611.05517578125, \"y\": 748.653564453125, \"fill\": \"#f2a9ba\", \"rect\": {\"rx\": 0, \"ry\": 0}, \"type\": \"image\", \"angle\": 0, \"fixed\": false, \"image\": {\"x\": -98, \"y\": 328, \"url\": \"/upload/3/080f407a9316f959f7607775883d62d6.jpg\", \"translate_x\": 150, \"translate_y\": -14, \"width_scale\": 1, \"height_scale\": 1}, \"shape\": \"circle\", \"width\": 1334.6455078125, \"height\": 1059.05517578125, \"stroke\": \"#ffffff\", \"display\": true, \"is_fill\": false, \"is_stroke\": true, \"fill_opacity\": 1, \"stroke_width\": 50, \"stroke_opacity\": 1, \"stroke_dasharray\": \"\"}, {\"x\": -1112.0775756835938, \"y\": 1413.3711547851562, \"fill\": \"#f2a9ba\", \"rect\": {\"rx\": 0, \"ry\": 0}, \"type\": \"image\", \"angle\": 0, \"fixed\": false, \"image\": {\"x\": null, \"y\": null, \"url\": \"/upload/3/65e7c61cf112c458ef5c07a91ed3a66b.jpg\", \"height\": null, \"translate_x\": 0, \"translate_y\": 0, \"width_scale\": 6, \"height_scale\": 1}, \"shape\": \"rect\", \"width\": 501.18218994140625, \"height\": 1348.3058471679688, \"stroke\": \"#f2a9ba\", \"display\": true, \"is_fill\": false, \"is_stroke\": true, \"fill_opacity\": 1, \"stroke_width\": 1, \"stroke_opacity\": 1, \"stroke_dasharray\": \"\"}]', 0, 0);
INSERT INTO `pages` VALUES (19, 1, 2, 1, 2, '{\"image\": \"\"}', '[]', 12, 0);
INSERT INTO `pages` VALUES (20, 1, 2, 1, 2, '{\"image\": \"\"}', '[]', 13, 0);
INSERT INTO `pages` VALUES (21, 1, 2, 1, 2, '{\"image\": \"\"}', '[]', 14, 0);
INSERT INTO `pages` VALUES (22, 4, 0, 0, 2, '{\"image\": \"\"}', '[]', 0, 0);
INSERT INTO `pages` VALUES (23, 4, 1, 0, 2, '{\"image\": \"\"}', '[]', 0, 0);
INSERT INTO `pages` VALUES (24, 3, 2, 2, 2, '{\"image\": \"\"}', '[{\"x\": 358.9669494628906, \"y\": 931.9312133789062, \"fill\": \"#f2a9ba\", \"rect\": {\"rx\": 0, \"ry\": 0}, \"type\": \"shape\", \"angle\": 0, \"fixed\": false, \"shape\": \"rect\", \"width\": 2076.8753356933594, \"height\": 1464.4633178710938, \"stroke\": \"#f2a9ba\", \"display\": true, \"is_fill\": true, \"is_stroke\": true, \"fill_opacity\": 1, \"stroke_width\": 10, \"stroke_opacity\": 1, \"stroke_dasharray\": \"\"}, {\"x\": 265.7738342285156, \"y\": 625.7252197265625, \"fill\": \"#f2a9ba\", \"rect\": {\"rx\": 0, \"ry\": 0}, \"type\": \"shape\", \"angle\": 0, \"fixed\": false, \"shape\": \"rect\", \"width\": 1171.5706481933594, \"height\": 1411.210205078125, \"stroke\": \"#f2a9ba\", \"display\": true, \"is_fill\": true, \"is_stroke\": true, \"fill_opacity\": 1, \"stroke_width\": 10, \"stroke_opacity\": 1, \"stroke_dasharray\": \"\"}]', 1, 0);
INSERT INTO `pages` VALUES (25, 5, 1, 0, 2, '{\"image\": \"\"}', '[]', 0, 0);

SET FOREIGN_KEY_CHECKS = 1;
